-- phpMyAdmin SQL Dump
-- version 5.2.0
-- https://www.phpmyadmin.net/
--
-- Host: 127.0.0.1
-- Generation Time: Jun 05, 2024 at 07:46 AM
-- Server version: 10.4.25-MariaDB
-- PHP Version: 8.1.10

SET SQL_MODE = "NO_AUTO_VALUE_ON_ZERO";
START TRANSACTION;
SET time_zone = "+00:00";


/*!40101 SET @OLD_CHARACTER_SET_CLIENT=@@CHARACTER_SET_CLIENT */;
/*!40101 SET @OLD_CHARACTER_SET_RESULTS=@@CHARACTER_SET_RESULTS */;
/*!40101 SET @OLD_COLLATION_CONNECTION=@@COLLATION_CONNECTION */;
/*!40101 SET NAMES utf8mb4 */;

--
-- Database: `hrd`
--

DELIMITER $$
--
-- Procedures
--
CREATE DEFINER=`root`@`localhost` PROCEDURE `GenerateAbsensi` ()   BEGIN
    DECLARE startDate DATE DEFAULT '2023-12-02';
    DECLARE endDate DATE DEFAULT '2023-12-31';
    DECLARE currentDate DATE;
    DECLARE i INT DEFAULT 0;
    DECLARE status VARCHAR(50);

    SET currentDate = startDate;

    -- Membuat tabel sementara untuk karyawan
    CREATE TEMPORARY TABLE TempKaryawanList AS SELECT KaryawanID FROM Karyawan LIMIT 45;

    -- Menghapus data absensi lama
    DELETE FROM Kehadiran WHERE Tanggal >= startDate AND Tanggal <= endDate;

    WHILE currentDate <= endDate DO
        -- Loop untuk setiap karyawan
        SET i = 0;
        WHILE i < 45 DO
            -- Pilih KaryawanID
            SET @KaryawanID = (SELECT KaryawanID FROM TempKaryawanList LIMIT 1 OFFSET i);

            -- Tentukan status absensi secara acak
            SET status = CASE FLOOR(RAND() * 4)
                            WHEN 0 THEN 'Hadir'
                            WHEN 1 THEN 'Sakit'
                            WHEN 2 THEN 'Alpa'
                            WHEN 3 THEN 'Izin'
                        END;

            -- Masukkan data jam masuk dan keluar serta catatan absensi
            INSERT INTO Kehadiran (KaryawanID, Tanggal, StatusKehadiran, JamMasuk, JamKeluar, Catatan)
            VALUES (
                @KaryawanID, 
                currentDate, 
                status,
                CASE 
                    WHEN status = 'Hadir' THEN TIME('08:00:00' + INTERVAL FLOOR(RAND() * 61) MINUTE)
                    ELSE NULL 
                END,
                CASE 
                    WHEN status = 'Hadir' THEN TIME('17:00:00' + INTERVAL FLOOR(RAND() * 61) MINUTE) 
                    ELSE NULL 
                END,
                CASE 
                    WHEN status = 'Hadir' AND TIME('08:00:00' + INTERVAL FLOOR(RAND() * 61) MINUTE) > '08:00:00' 
                    THEN 'Terlambat'
                    WHEN status = 'Sakit' 
                    THEN 'Karyawan Sakit'
                    WHEN status = 'Izin' 
                    THEN 'Izin untuk urusan pribadi'
                    WHEN status = 'Alpa' 
                    THEN 'Tidak hadir tanpa keterangan'
                    ELSE NULL 
                END
            );
            SET i = i + 1;
        END WHILE;

        SET currentDate = DATE_ADD(currentDate, INTERVAL 1 DAY);
    END WHILE;

    -- Drop temporary table
    DROP TEMPORARY TABLE TempKaryawanList;
END$$

DELIMITER ;

-- --------------------------------------------------------

--
-- Table structure for table `departemen`
--

CREATE TABLE `departemen` (
  `DeptID` int(11) NOT NULL,
  `NamaDepartemen` varchar(255) DEFAULT NULL,
  `Lokasi` varchar(255) DEFAULT NULL
) ENGINE=InnoDB DEFAULT CHARSET=utf8mb4;

--
-- Dumping data for table `departemen`
--

INSERT INTO `departemen` (`DeptID`, `NamaDepartemen`, `Lokasi`) VALUES
(1, 'Marketing', 'Gedung A Lantai 2'),
(2, 'Human Resources', 'Gedung A Lantai 3'),
(3, 'Finance', 'Gedung B Lantai 1'),
(4, 'IT', 'Gedung B Lantai 2'),
(5, 'Operations', 'Gedung C Lantai 1');

-- --------------------------------------------------------

--
-- Table structure for table `gajikaryawan`
--

CREATE TABLE `gajikaryawan` (
  `GajiID` int(11) NOT NULL,
  `KaryawanID` int(11) DEFAULT NULL,
  `GolonganID` int(11) DEFAULT NULL,
  `TanggalPembayaran` date DEFAULT NULL,
  `GajiDiterima` decimal(10,2) DEFAULT NULL,
  `Bonus` decimal(10,2) DEFAULT NULL
) ENGINE=InnoDB DEFAULT CHARSET=utf8mb4;

--
-- Dumping data for table `gajikaryawan`
--

INSERT INTO `gajikaryawan` (`GajiID`, `KaryawanID`, `GolonganID`, `TanggalPembayaran`, `GajiDiterima`, `Bonus`) VALUES
(1, 1, 1, '2022-12-01', '4500000.00', '200000.00'),
(2, 2, 1, '2022-12-01', '4500000.00', '200000.00'),
(3, 3, 2, '2022-12-01', '8000000.00', '300000.00'),
(4, 4, 2, '2022-12-01', '8000000.00', '300000.00'),
(5, 5, 3, '2022-12-01', '12000000.00', '500000.00'),
(6, 6, 3, '2022-12-01', '12000000.00', '500000.00'),
(7, 7, 1, '2022-12-01', '4500000.00', '200000.00'),
(8, 8, 1, '2022-12-01', '4500000.00', '200000.00'),
(9, 9, 2, '2022-12-01', '8000000.00', '300000.00'),
(10, 10, 2, '2022-12-01', '8000000.00', '300000.00'),
(11, 11, 3, '2022-12-01', '12000000.00', '500000.00'),
(12, 12, 3, '2022-12-01', '12000000.00', '500000.00'),
(13, 13, 1, '2022-12-01', '4500000.00', '200000.00'),
(14, 14, 1, '2022-12-01', '4500000.00', '200000.00'),
(15, 15, 2, '2022-12-01', '8000000.00', '300000.00'),
(16, 16, 2, '2022-12-01', '8000000.00', '300000.00'),
(17, 17, 3, '2022-12-01', '12000000.00', '500000.00'),
(18, 18, 3, '2022-12-01', '12000000.00', '500000.00'),
(19, 19, 1, '2022-12-01', '4500000.00', '200000.00'),
(20, 20, 1, '2022-12-01', '4500000.00', '200000.00'),
(21, 21, 2, '2022-12-01', '7500000.00', '300000.00'),
(22, 22, 1, '2022-12-01', '4500000.00', '200000.00'),
(23, 23, 1, '2022-12-01', '4500000.00', '200000.00'),
(24, 24, 2, '2022-12-01', '7500000.00', '300000.00'),
(25, 25, 3, '2022-12-01', '12000000.00', '500000.00'),
(26, 26, 3, '2022-12-01', '12000000.00', '500000.00'),
(27, 27, 1, '2022-12-01', '4500000.00', '200000.00'),
(28, 28, 2, '2022-12-01', '7500000.00', '300000.00'),
(29, 29, 2, '2022-12-01', '7500000.00', '300000.00'),
(30, 30, 3, '2022-12-01', '12000000.00', '500000.00'),
(31, 31, 1, '2022-12-01', '4500000.00', '200000.00'),
(32, 32, 2, '2022-12-01', '7500000.00', '300000.00'),
(33, 33, 3, '2022-12-01', '12000000.00', '500000.00'),
(34, 34, 1, '2022-12-01', '4500000.00', '200000.00'),
(35, 35, 2, '2022-12-01', '7500000.00', '300000.00'),
(36, 36, 3, '2022-12-01', '12000000.00', '500000.00'),
(37, 37, 1, '2022-12-01', '4500000.00', '200000.00'),
(38, 38, 2, '2022-12-01', '7500000.00', '300000.00'),
(39, 39, 2, '2022-12-01', '7500000.00', '300000.00'),
(40, 40, 3, '2022-12-01', '12000000.00', '500000.00'),
(41, 41, 1, '2022-12-01', '4500000.00', '200000.00'),
(42, 42, 2, '2022-12-01', '7500000.00', '300000.00'),
(43, 43, 3, '2022-12-01', '12000000.00', '500000.00'),
(44, 44, 1, '2022-12-01', '4500000.00', '200000.00'),
(45, 45, 2, '2022-12-01', '7500000.00', '300000.00');

-- --------------------------------------------------------

--
-- Table structure for table `golongangaji`
--

CREATE TABLE `golongangaji` (
  `GolonganID` int(11) NOT NULL,
  `Deskripsi` varchar(255) DEFAULT NULL,
  `GajiPokok` decimal(12,2) DEFAULT NULL,
  `Tunjangan` decimal(12,2) DEFAULT NULL
) ENGINE=InnoDB DEFAULT CHARSET=utf8mb4;

--
-- Dumping data for table `golongangaji`
--

INSERT INTO `golongangaji` (`GolonganID`, `Deskripsi`, `GajiPokok`, `Tunjangan`) VALUES
(1, 'Entry Level', '4000000.00', '500000.00'),
(2, 'Mid Level', '7000000.00', '1000000.00'),
(3, 'Senior Level', '10000000.00', '2000000.00');

-- --------------------------------------------------------

--
-- Table structure for table `karyawan`
--

CREATE TABLE `karyawan` (
  `KaryawanID` int(11) NOT NULL,
  `Nama` varchar(255) DEFAULT NULL,
  `TanggalLahir` date DEFAULT NULL,
  `JenisKelamin` varchar(50) DEFAULT NULL,
  `Alamat` varchar(255) DEFAULT NULL,
  `Email` varchar(100) DEFAULT NULL,
  `TanggalMulaiBekerja` date DEFAULT NULL,
  `StatusKaryawan` varchar(100) DEFAULT NULL,
  `DeptID` int(11) DEFAULT NULL
) ENGINE=InnoDB DEFAULT CHARSET=utf8mb4;

--
-- Dumping data for table `karyawan`
--

INSERT INTO `karyawan` (`KaryawanID`, `Nama`, `TanggalLahir`, `JenisKelamin`, `Alamat`, `Email`, `TanggalMulaiBekerja`, `StatusKaryawan`, `DeptID`) VALUES
(1, 'Andi Setiawan', '1986-03-15', 'Laki-laki', 'Medan', 'andi.setiawan@email.com', '2019-08-01', 'Aktif', 1),
(2, 'Betty Mahardika', '1992-06-25', 'Perempuan', 'Palembang', 'betty.m@email.com', '2018-02-12', 'Aktif', 2),
(3, 'Charlie Gaines', '1991-09-30', 'Laki-laki', 'Bandung', 'charlie.g@email.com', '2020-01-15', 'Aktif', 3),
(4, 'Dewi Sartika', '1995-05-22', 'Perempuan', 'Surabaya', 'dewi.sartika@email.com', '2021-03-30', 'Aktif', 1),
(5, 'Edo Marsh', '1984-10-18', 'Laki-laki', 'Yogyakarta', 'edo.marsh@email.com', '2019-07-25', 'Aktif', 2),
(6, 'Fina Wijayanti', '1988-05-06', 'Perempuan', 'Bali', 'fina.wj@email.com', '2019-04-11', 'Aktif', 4),
(7, 'Ganesh Patel', '1990-11-27', 'Laki-laki', 'Makassar', 'ganesh.p@email.com', '2018-05-17', 'Aktif', 1),
(8, 'Hilda Suryani', '1989-12-12', 'Perempuan', 'Jakarta', 'hilda.s@email.com', '2017-10-08', 'Aktif', 3),
(9, 'Ivan Gunawan', '1976-07-06', 'Laki-laki', 'Papua', 'ivan.g@email.com', '2019-09-23', 'Aktif', 2),
(10, 'Jenny Mulyadi', '1994-04-16', 'Perempuan', 'Semarang', 'jenny.m@email.com', '2020-12-19', 'Aktif', 1),
(11, 'Kevin Antonius', '1987-02-03', 'Laki-laki', 'Kediri', 'kevin.a@email.com', '2018-03-15', 'Aktif', 4),
(12, 'Luna Maya', '1992-08-26', 'Perempuan', 'Manado', 'luna.maya@email.com', '2021-06-21', 'Aktif', 3),
(13, 'Martin Juanda', '1985-07-05', 'Laki-laki', 'Bogor', 'martin.j@email.com', '2017-01-29', 'Aktif', 1),
(14, 'Nadia Utami', '1989-10-14', 'Perempuan', 'Pontianak', 'nadia.u@email.com', '2020-10-05', 'Aktif', 2),
(15, 'Oscar Law', '1979-09-09', 'Laki-laki', 'Malang', 'oscar.l@email.com', '2018-07-20', 'Aktif', 3),
(16, 'Putri Handayani', '1991-12-13', 'Perempuan', 'Bekasi', 'putri.h@email.com', '2019-03-15', 'Aktif', 1),
(17, 'Rico Purnama', '1983-11-23', 'Laki-laki', 'Aceh', 'rico.purnama@email.com', '2021-01-10', 'Aktif', 4),
(18, 'Sari Wati', '1990-06-09', 'Perempuan', 'Palu', 'sari.wati@email.com', '2018-11-20', 'Aktif', 3),
(19, 'Tono Permadi', '1988-03-18', 'Laki-laki', 'Samarinda', 'tono.permadi@email.com', '2020-09-01', 'Aktif', 2),
(20, 'Umi Kalsum', '1992-07-23', 'Perempuan', 'Cirebon', 'umi.kalsum@email.com', '2019-05-23', 'Aktif', 1),
(21, 'Vania Irawan', '1993-11-28', 'Perempuan', 'Surakarta', 'vania.irawan@email.com', '2018-07-30', 'Aktif', 2),
(22, 'Wahyu Nugroho', '1991-05-05', 'Laki-laki', 'Mojokerto', 'wahyu.nugroho@email.com', '2020-08-25', 'Aktif', 1),
(23, 'Xena Malik', '1994-02-14', 'Perempuan', 'Batam', 'xena.malik@email.com', '2019-12-01', 'Aktif', 3),
(24, 'Yusuf Halim', '1985-03-23', 'Laki-laki', 'Gorontalo', 'yusuf.halim@email.com', '2017-03-11', 'Aktif', 4),
(25, 'Zahra Bahar', '1990-08-20', 'Perempuan', 'Palangkaraya', 'zahra.bahar@email.com', '2018-04-01', 'Aktif', 3),
(26, 'Amanah Wijaya', '1988-10-30', 'Perempuan', 'Bandar Lampung', 'amanah.wijaya@email.com', '2020-01-15', 'Aktif', 1),
(27, 'Bambang Riski', '1987-12-31', 'Laki-laki', 'Jayapura', 'bambang.riski@email.com', '2019-07-09', 'Aktif', 2),
(28, 'Citra Aminah', '1995-07-17', 'Perempuan', 'Pekanbaru', 'citra.aminah@email.com', '2021-08-26', 'Aktif', 3),
(29, 'Dodi Santoso', '1989-09-19', 'Laki-laki', 'Kupang', 'dodi.santoso@email.com', '2018-10-21', 'Aktif', 4),
(30, 'Euis Kartika', '1993-06-03', 'Perempuan', 'Banjarmasin', 'euis.kartika@email.com', '2020-03-14', 'Aktif', 5),
(31, 'Farhan Setiadi', '1988-01-16', 'Laki-laki', 'Tanjungpinang', 'farhan.setiadi@email.com', '2019-05-19', 'Aktif', 1),
(32, 'Galuh Ratnasari', '1987-02-22', 'Perempuan', 'Mataram', 'galuh.ratnasari@email.com', '2020-10-01', 'Aktif', 2),
(33, 'Hendra Susanto', '1982-11-18', 'Laki-laki', 'Jambi', 'hendra.susanto@email.com', '2018-06-07', 'Aktif', 3),
(34, 'Intan Permatasari', '1991-08-08', 'Perempuan', 'Sorong', 'intan.permatasari@email.com', '2021-07-08', 'Aktif', 4),
(35, 'Joko Suprianto', '1985-04-25', 'Laki-laki', 'Makassar', 'joko.suprianto@email.com', '2021-02-25', 'Aktif', 5),
(36, 'Kartika Putri', '1995-07-30', 'Perempuan', 'Ambon', 'kartika.putri@email.com', '2022-01-01', 'Aktif', 3),
(37, 'Lalu Zulkifli', '1979-05-19', 'Laki-laki', 'Denpasar', 'lalu.zulkifli@email.com', '2017-08-15', 'Aktif', 2),
(38, 'Maria Ulfa', '1986-12-12', 'Perempuan', 'Pontianak', 'maria.ulfa@email.com', '2020-09-20', 'Aktif', 1),
(39, 'Naruto Uzumaki', '1992-10-10', 'Laki-laki', 'Konoha', 'naruto.uzumaki@email.com', '2021-10-10', 'Aktif', 4),
(40, 'Omar Dani', '1990-06-01', 'Laki-laki', 'Bima', 'omar.dani@email.com', '2021-04-15', 'Aktif', 5),
(41, 'Puput Soedrajat', '1994-03-15', 'Perempuan', 'Singkawang', 'puput.soedrajat@email.com', '2020-11-15', 'Aktif', 3),
(42, 'Qori Mahendra', '1989-11-09', 'Laki-laki', 'Tarakan', 'qori.mahendra@email.com', '2018-09-09', 'Aktif', 2),
(43, 'Rina Mulyani', '1992-07-23', 'Perempuan', 'Bengkulu', 'rina.mulyani@email.com', '2022-05-22', 'Aktif', 1),
(44, 'Sultan Raja', '1993-12-12', 'Laki-laki', 'Serang', 'sultan.raja@email.com', '2021-01-11', 'Aktif', 4),
(45, 'Tina Supriyadi', '1984-08-08', 'Perempuan', 'Binjai', 'tina.supriyadi@email.com', '2018-03-03', 'Aktif', 5);

-- --------------------------------------------------------

--
-- Table structure for table `kehadiran`
--

CREATE TABLE `kehadiran` (
  `KehadiranID` int(11) NOT NULL,
  `KaryawanID` int(11) DEFAULT NULL,
  `Tanggal` date DEFAULT NULL,
  `JamMasuk` time DEFAULT NULL,
  `JamKeluar` time DEFAULT NULL,
  `StatusKehadiran` varchar(100) DEFAULT NULL,
  `Catatan` text DEFAULT NULL
) ENGINE=InnoDB DEFAULT CHARSET=utf8mb4;

--
-- Dumping data for table `kehadiran`
--

INSERT INTO `kehadiran` (`KehadiranID`, `KaryawanID`, `Tanggal`, `JamMasuk`, `JamKeluar`, `StatusKehadiran`, `Catatan`) VALUES
(1, 1, '2023-12-01', '08:00:00', '17:00:00', 'Hadir', ''),
(2, 2, '2023-12-01', '08:00:00', '17:00:00', 'Hadir', ''),
(3, 3, '2023-12-01', '08:00:00', '17:00:00', 'Hadir', ''),
(4, 4, '2023-12-01', '08:00:00', '17:00:00', 'Hadir', ''),
(5, 5, '2023-12-01', '08:00:00', '17:00:00', 'Hadir', ''),
(6, 6, '2023-12-01', '08:00:00', '17:00:00', 'Hadir', ''),
(7, 7, '2023-12-01', '08:00:00', '17:00:00', 'Hadir', ''),
(8, 8, '2023-12-01', '08:00:00', '17:00:00', 'Hadir', ''),
(9, 9, '2023-12-01', '08:00:00', '17:00:00', 'Hadir', ''),
(10, 10, '2023-12-01', '08:00:00', '17:00:00', 'Hadir', ''),
(11, 11, '2023-12-01', '08:00:00', '17:00:00', 'Hadir', ''),
(12, 12, '2023-12-01', '08:00:00', '17:00:00', 'Hadir', ''),
(13, 13, '2023-12-01', '08:00:00', '17:00:00', 'Hadir', ''),
(14, 14, '2023-12-01', '08:00:00', '17:00:00', 'Hadir', ''),
(15, 15, '2023-12-01', '08:00:00', '17:00:00', 'Hadir', ''),
(16, 16, '2023-12-01', '08:00:00', '17:00:00', 'Hadir', ''),
(17, 17, '2023-12-01', '08:00:00', '17:00:00', 'Hadir', ''),
(18, 18, '2023-12-01', '08:00:00', '17:00:00', 'Hadir', ''),
(19, 19, '2023-12-01', '08:00:00', '17:00:00', 'Hadir', ''),
(20, 20, '2023-12-01', '08:00:00', '17:00:00', 'Hadir', ''),
(21, 21, '2023-12-01', '08:00:00', '17:00:00', 'Hadir', ''),
(22, 22, '2023-12-01', '08:00:00', '17:00:00', 'Hadir', ''),
(23, 23, '2023-12-01', '08:00:00', '17:00:00', 'Hadir', ''),
(24, 24, '2023-12-01', '08:00:00', '17:00:00', 'Hadir', ''),
(25, 25, '2023-12-01', '08:00:00', '17:00:00', 'Hadir', ''),
(26, 26, '2023-12-01', '08:00:00', '17:00:00', 'Hadir', ''),
(27, 27, '2023-12-01', '08:00:00', '17:00:00', 'Hadir', ''),
(28, 28, '2023-12-01', '08:00:00', '17:00:00', 'Hadir', ''),
(29, 29, '2023-12-01', '08:00:00', '17:00:00', 'Hadir', ''),
(30, 30, '2023-12-01', '08:00:00', '17:00:00', 'Hadir', ''),
(31, 31, '2023-12-01', '08:00:00', '17:00:00', 'Hadir', ''),
(32, 32, '2023-12-01', '08:00:00', '17:00:00', 'Hadir', ''),
(33, 33, '2023-12-01', '08:00:00', '17:00:00', 'Hadir', ''),
(34, 34, '2023-12-01', '08:00:00', '17:00:00', 'Hadir', ''),
(35, 35, '2023-12-01', '08:00:00', '17:00:00', 'Hadir', ''),
(36, 36, '2023-12-01', '08:00:00', '17:00:00', 'Hadir', ''),
(37, 37, '2023-12-01', '08:00:00', '17:00:00', 'Hadir', ''),
(38, 38, '2023-12-01', '08:00:00', '17:00:00', 'Hadir', ''),
(39, 39, '2023-12-01', '08:00:00', '17:00:00', 'Hadir', ''),
(40, 40, '2023-12-01', '08:00:00', '17:00:00', 'Hadir', ''),
(41, 41, '2023-12-01', '08:00:00', '17:00:00', 'Hadir', ''),
(42, 42, '2023-12-01', '08:00:00', '17:00:00', 'Hadir', ''),
(43, 43, '2023-12-01', '08:00:00', '17:00:00', 'Hadir', ''),
(44, 44, '2023-12-01', '08:00:00', '17:00:00', 'Hadir', ''),
(45, 45, '2023-12-01', '08:00:00', '17:00:00', 'Hadir', ''),
(46, 1, '2023-12-01', '08:00:00', '17:00:00', 'Hadir', 'Tepat Waktu'),
(47, 4, '2023-12-01', '08:00:00', '17:00:00', 'Hadir', 'Tepat Waktu'),
(48, 7, '2023-12-01', '08:00:00', '17:00:00', 'Hadir', 'Tepat Waktu'),
(49, 10, '2023-12-01', '08:00:00', '17:00:00', 'Hadir', 'Tepat Waktu'),
(50, 13, '2023-12-01', '08:00:00', '17:00:00', 'Hadir', 'Tepat Waktu'),
(51, 16, '2023-12-01', '08:00:00', '17:00:00', 'Hadir', 'Tepat Waktu'),
(52, 20, '2023-12-01', '08:00:00', '17:00:00', 'Hadir', 'Tepat Waktu'),
(53, 22, '2023-12-01', '08:00:00', '17:00:00', 'Hadir', 'Tepat Waktu'),
(54, 26, '2023-12-01', '08:00:00', '17:00:00', 'Hadir', 'Tepat Waktu'),
(55, 31, '2023-12-01', '08:00:00', '17:00:00', 'Hadir', 'Tepat Waktu'),
(56, 38, '2023-12-01', '08:00:00', '17:00:00', 'Hadir', 'Tepat Waktu'),
(57, 43, '2023-12-01', '08:00:00', '17:00:00', 'Hadir', 'Tepat Waktu'),
(58, 2, '2023-12-01', '08:00:00', '17:00:00', 'Hadir', 'Tepat Waktu'),
(59, 5, '2023-12-01', '08:00:00', '17:00:00', 'Hadir', 'Tepat Waktu'),
(60, 9, '2023-12-01', '08:00:00', '17:00:00', 'Hadir', 'Tepat Waktu'),
(61, 14, '2023-12-01', '08:00:00', '17:00:00', 'Hadir', 'Tepat Waktu'),
(62, 19, '2023-12-01', '08:00:00', '17:00:00', 'Hadir', 'Tepat Waktu'),
(63, 21, '2023-12-01', '08:00:00', '17:00:00', 'Hadir', 'Tepat Waktu'),
(64, 27, '2023-12-01', '08:00:00', '17:00:00', 'Hadir', 'Tepat Waktu'),
(65, 32, '2023-12-01', '08:00:00', '17:00:00', 'Hadir', 'Tepat Waktu'),
(66, 37, '2023-12-01', '08:00:00', '17:00:00', 'Hadir', 'Tepat Waktu'),
(67, 42, '2023-12-01', '08:00:00', '17:00:00', 'Hadir', 'Tepat Waktu'),
(68, 3, '2023-12-01', '08:00:00', '17:00:00', 'Hadir', 'Tepat Waktu'),
(69, 8, '2023-12-01', '08:00:00', '17:00:00', 'Hadir', 'Tepat Waktu'),
(70, 12, '2023-12-01', '08:00:00', '17:00:00', 'Hadir', 'Tepat Waktu'),
(71, 15, '2023-12-01', '08:00:00', '17:00:00', 'Hadir', 'Tepat Waktu'),
(72, 18, '2023-12-01', '08:00:00', '17:00:00', 'Hadir', 'Tepat Waktu'),
(73, 23, '2023-12-01', '08:00:00', '17:00:00', 'Hadir', 'Tepat Waktu'),
(74, 25, '2023-12-01', '08:00:00', '17:00:00', 'Hadir', 'Tepat Waktu'),
(75, 28, '2023-12-01', '08:00:00', '17:00:00', 'Hadir', 'Tepat Waktu'),
(76, 33, '2023-12-01', '08:00:00', '17:00:00', 'Hadir', 'Tepat Waktu'),
(77, 36, '2023-12-01', '08:00:00', '17:00:00', 'Hadir', 'Tepat Waktu'),
(78, 41, '2023-12-01', '08:00:00', '17:00:00', 'Hadir', 'Tepat Waktu'),
(79, 6, '2023-12-01', '08:00:00', '17:00:00', 'Hadir', 'Tepat Waktu'),
(80, 11, '2023-12-01', '08:00:00', '17:00:00', 'Hadir', 'Tepat Waktu'),
(81, 17, '2023-12-01', '08:00:00', '17:00:00', 'Hadir', 'Tepat Waktu'),
(82, 24, '2023-12-01', '08:00:00', '17:00:00', 'Hadir', 'Tepat Waktu'),
(83, 29, '2023-12-01', '08:00:00', '17:00:00', 'Hadir', 'Tepat Waktu'),
(84, 34, '2023-12-01', '08:00:00', '17:00:00', 'Hadir', 'Tepat Waktu'),
(85, 39, '2023-12-01', '08:00:00', '17:00:00', 'Hadir', 'Tepat Waktu'),
(86, 44, '2023-12-01', '08:00:00', '17:00:00', 'Hadir', 'Tepat Waktu'),
(87, 30, '2023-12-01', '08:00:00', '17:00:00', 'Hadir', 'Tepat Waktu'),
(88, 35, '2023-12-01', '08:00:00', '17:00:00', 'Hadir', 'Tepat Waktu'),
(89, 40, '2023-12-01', '08:00:00', '17:00:00', 'Hadir', 'Tepat Waktu'),
(90, 45, '2023-12-01', '08:00:00', '17:00:00', 'Hadir', 'Tepat Waktu'),
(109, 1, '2023-12-01', '08:00:00', '17:00:00', 'Hadir', 'Tepat Waktu'),
(110, 4, '2023-12-01', '08:00:00', '17:00:00', 'Hadir', 'Tepat Waktu'),
(111, 7, '2023-12-01', '08:00:00', '17:00:00', 'Hadir', 'Tepat Waktu'),
(112, 10, '2023-12-01', '08:00:00', '17:00:00', 'Hadir', 'Tepat Waktu'),
(113, 13, '2023-12-01', '08:00:00', '17:00:00', 'Hadir', 'Tepat Waktu'),
(114, 16, '2023-12-01', '08:00:00', '17:00:00', 'Hadir', 'Tepat Waktu'),
(115, 20, '2023-12-01', '08:00:00', '17:00:00', 'Hadir', 'Tepat Waktu'),
(116, 22, '2023-12-01', '08:00:00', '17:00:00', 'Hadir', 'Tepat Waktu'),
(117, 26, '2023-12-01', '08:00:00', '17:00:00', 'Hadir', 'Tepat Waktu'),
(118, 31, '2023-12-01', '08:00:00', '17:00:00', 'Hadir', 'Tepat Waktu'),
(119, 38, '2023-12-01', '08:00:00', '17:00:00', 'Hadir', 'Tepat Waktu'),
(120, 43, '2023-12-01', '08:00:00', '17:00:00', 'Hadir', 'Tepat Waktu'),
(121, 2, '2023-12-01', '08:00:00', '17:00:00', 'Hadir', 'Tepat Waktu'),
(122, 5, '2023-12-01', '08:00:00', '17:00:00', 'Hadir', 'Tepat Waktu'),
(123, 9, '2023-12-01', '08:00:00', '17:00:00', 'Hadir', 'Tepat Waktu'),
(124, 14, '2023-12-01', '08:00:00', '17:00:00', 'Hadir', 'Tepat Waktu'),
(125, 19, '2023-12-01', '08:00:00', '17:00:00', 'Hadir', 'Tepat Waktu'),
(126, 21, '2023-12-01', '08:00:00', '17:00:00', 'Hadir', 'Tepat Waktu'),
(127, 27, '2023-12-01', '08:00:00', '17:00:00', 'Hadir', 'Tepat Waktu'),
(128, 32, '2023-12-01', '08:00:00', '17:00:00', 'Hadir', 'Tepat Waktu'),
(129, 37, '2023-12-01', '08:00:00', '17:00:00', 'Hadir', 'Tepat Waktu'),
(130, 42, '2023-12-01', '08:00:00', '17:00:00', 'Hadir', 'Tepat Waktu'),
(131, 3, '2023-12-01', '08:00:00', '17:00:00', 'Hadir', 'Tepat Waktu'),
(132, 8, '2023-12-01', '08:00:00', '17:00:00', 'Hadir', 'Tepat Waktu'),
(133, 12, '2023-12-01', '08:00:00', '17:00:00', 'Hadir', 'Tepat Waktu'),
(134, 15, '2023-12-01', '08:00:00', '17:00:00', 'Hadir', 'Tepat Waktu'),
(135, 18, '2023-12-01', '08:00:00', '17:00:00', 'Hadir', 'Tepat Waktu'),
(136, 23, '2023-12-01', '08:00:00', '17:00:00', 'Hadir', 'Tepat Waktu'),
(137, 25, '2023-12-01', '08:00:00', '17:00:00', 'Hadir', 'Tepat Waktu'),
(138, 28, '2023-12-01', '08:00:00', '17:00:00', 'Hadir', 'Tepat Waktu'),
(139, 33, '2023-12-01', '08:00:00', '17:00:00', 'Hadir', 'Tepat Waktu'),
(140, 36, '2023-12-01', '08:00:00', '17:00:00', 'Hadir', 'Tepat Waktu'),
(141, 41, '2023-12-01', '08:00:00', '17:00:00', 'Hadir', 'Tepat Waktu'),
(142, 6, '2023-12-01', '08:00:00', '17:00:00', 'Hadir', 'Tepat Waktu'),
(143, 11, '2023-12-01', '08:00:00', '17:00:00', 'Hadir', 'Tepat Waktu'),
(144, 17, '2023-12-01', '08:00:00', '17:00:00', 'Hadir', 'Tepat Waktu'),
(145, 24, '2023-12-01', '08:00:00', '17:00:00', 'Hadir', 'Tepat Waktu'),
(146, 29, '2023-12-01', '08:00:00', '17:00:00', 'Hadir', 'Tepat Waktu'),
(147, 34, '2023-12-01', '08:00:00', '17:00:00', 'Hadir', 'Tepat Waktu'),
(148, 39, '2023-12-01', '08:00:00', '17:00:00', 'Hadir', 'Tepat Waktu'),
(149, 44, '2023-12-01', '08:00:00', '17:00:00', 'Hadir', 'Tepat Waktu'),
(150, 30, '2023-12-01', '08:00:00', '17:00:00', 'Hadir', 'Tepat Waktu'),
(151, 35, '2023-12-01', '08:00:00', '17:00:00', 'Hadir', 'Tepat Waktu'),
(152, 40, '2023-12-01', '08:00:00', '17:00:00', 'Hadir', 'Tepat Waktu'),
(153, 45, '2023-12-01', '08:00:00', '17:00:00', 'Hadir', 'Tepat Waktu'),
(172, 1, '2023-12-02', NULL, NULL, 'Sakit', 'Karyawan Sakit'),
(173, 4, '2023-12-02', NULL, NULL, 'Hadir', NULL),
(174, 7, '2023-12-02', NULL, NULL, 'Izin', 'Izin untuk urusan pribadi'),
(175, 10, '2023-12-02', NULL, NULL, 'Izin', 'Izin untuk urusan pribadi'),
(176, 13, '2023-12-02', NULL, NULL, 'Sakit', 'Karyawan Sakit'),
(177, 16, '2023-12-02', NULL, NULL, 'Sakit', 'Karyawan Sakit'),
(178, 20, '2023-12-02', NULL, NULL, 'Sakit', 'Karyawan Sakit'),
(179, 22, '2023-12-02', NULL, NULL, 'Hadir', NULL),
(180, 26, '2023-12-02', NULL, NULL, 'Hadir', NULL),
(181, 31, '2023-12-02', NULL, NULL, 'Sakit', 'Karyawan Sakit'),
(182, 38, '2023-12-02', NULL, NULL, 'Izin', 'Izin untuk urusan pribadi'),
(183, 43, '2023-12-02', NULL, NULL, 'Hadir', NULL),
(184, 2, '2023-12-02', NULL, NULL, 'Sakit', 'Karyawan Sakit'),
(185, 5, '2023-12-02', NULL, NULL, 'Alpa', 'Tidak hadir tanpa keterangan'),
(186, 9, '2023-12-02', NULL, NULL, 'Alpa', 'Tidak hadir tanpa keterangan'),
(187, 14, '2023-12-02', NULL, NULL, 'Hadir', NULL),
(188, 19, '2023-12-02', NULL, NULL, 'Sakit', 'Karyawan Sakit'),
(189, 21, '2023-12-02', NULL, NULL, 'Sakit', 'Karyawan Sakit'),
(190, 27, '2023-12-02', NULL, NULL, 'Alpa', 'Tidak hadir tanpa keterangan'),
(191, 32, '2023-12-02', NULL, NULL, 'Hadir', NULL),
(192, 37, '2023-12-02', NULL, NULL, 'Izin', 'Izin untuk urusan pribadi'),
(193, 42, '2023-12-02', NULL, NULL, 'Hadir', NULL),
(194, 3, '2023-12-02', NULL, NULL, 'Hadir', NULL),
(195, 8, '2023-12-02', NULL, NULL, 'Hadir', NULL),
(196, 12, '2023-12-02', NULL, NULL, 'Alpa', 'Tidak hadir tanpa keterangan'),
(197, 15, '2023-12-02', NULL, NULL, 'Sakit', 'Karyawan Sakit'),
(198, 18, '2023-12-02', NULL, NULL, 'Sakit', 'Karyawan Sakit'),
(199, 23, '2023-12-02', NULL, NULL, 'Hadir', NULL),
(200, 25, '2023-12-02', NULL, NULL, 'Hadir', NULL),
(201, 28, '2023-12-02', NULL, NULL, 'Hadir', NULL),
(202, 33, '2023-12-02', NULL, NULL, 'Sakit', 'Karyawan Sakit'),
(203, 36, '2023-12-02', NULL, NULL, 'Hadir', NULL),
(204, 41, '2023-12-02', NULL, NULL, 'Izin', 'Izin untuk urusan pribadi'),
(205, 6, '2023-12-02', NULL, NULL, 'Hadir', NULL),
(206, 11, '2023-12-02', NULL, NULL, 'Alpa', 'Tidak hadir tanpa keterangan'),
(207, 17, '2023-12-02', NULL, NULL, 'Sakit', 'Karyawan Sakit'),
(208, 24, '2023-12-02', NULL, NULL, 'Alpa', 'Tidak hadir tanpa keterangan'),
(209, 29, '2023-12-02', NULL, NULL, 'Izin', 'Izin untuk urusan pribadi'),
(210, 34, '2023-12-02', NULL, NULL, 'Izin', 'Izin untuk urusan pribadi'),
(211, 39, '2023-12-02', NULL, NULL, 'Alpa', 'Tidak hadir tanpa keterangan'),
(212, 44, '2023-12-02', NULL, NULL, 'Izin', 'Izin untuk urusan pribadi'),
(213, 30, '2023-12-02', NULL, NULL, 'Izin', 'Izin untuk urusan pribadi'),
(214, 35, '2023-12-02', NULL, NULL, 'Izin', 'Izin untuk urusan pribadi'),
(215, 40, '2023-12-02', NULL, NULL, 'Sakit', 'Karyawan Sakit'),
(216, 45, '2023-12-02', NULL, NULL, 'Hadir', NULL),
(217, 1, '2023-12-03', NULL, NULL, 'Alpa', 'Tidak hadir tanpa keterangan'),
(218, 4, '2023-12-03', NULL, NULL, 'Alpa', 'Tidak hadir tanpa keterangan'),
(219, 7, '2023-12-03', NULL, NULL, 'Izin', 'Izin untuk urusan pribadi'),
(220, 10, '2023-12-03', NULL, NULL, 'Alpa', 'Tidak hadir tanpa keterangan'),
(221, 13, '2023-12-03', NULL, NULL, 'Hadir', NULL),
(222, 16, '2023-12-03', NULL, NULL, 'Izin', 'Izin untuk urusan pribadi'),
(223, 20, '2023-12-03', NULL, NULL, 'Alpa', 'Tidak hadir tanpa keterangan'),
(224, 22, '2023-12-03', NULL, NULL, 'Sakit', 'Karyawan Sakit'),
(225, 26, '2023-12-03', NULL, NULL, 'Sakit', 'Karyawan Sakit'),
(226, 31, '2023-12-03', NULL, NULL, 'Hadir', NULL),
(227, 38, '2023-12-03', NULL, NULL, 'Alpa', 'Tidak hadir tanpa keterangan'),
(228, 43, '2023-12-03', NULL, NULL, 'Izin', 'Izin untuk urusan pribadi'),
(229, 2, '2023-12-03', NULL, NULL, 'Sakit', 'Karyawan Sakit'),
(230, 5, '2023-12-03', NULL, NULL, 'Izin', 'Izin untuk urusan pribadi'),
(231, 9, '2023-12-03', NULL, NULL, 'Alpa', 'Tidak hadir tanpa keterangan'),
(232, 14, '2023-12-03', NULL, NULL, 'Alpa', 'Tidak hadir tanpa keterangan'),
(233, 19, '2023-12-03', NULL, NULL, 'Sakit', 'Karyawan Sakit'),
(234, 21, '2023-12-03', NULL, NULL, 'Izin', 'Izin untuk urusan pribadi'),
(235, 27, '2023-12-03', NULL, NULL, 'Hadir', NULL),
(236, 32, '2023-12-03', NULL, NULL, 'Hadir', NULL),
(237, 37, '2023-12-03', NULL, NULL, 'Izin', 'Izin untuk urusan pribadi'),
(238, 42, '2023-12-03', NULL, NULL, 'Alpa', 'Tidak hadir tanpa keterangan'),
(239, 3, '2023-12-03', NULL, NULL, 'Hadir', NULL),
(240, 8, '2023-12-03', NULL, NULL, 'Alpa', 'Tidak hadir tanpa keterangan'),
(241, 12, '2023-12-03', NULL, NULL, 'Sakit', 'Karyawan Sakit'),
(242, 15, '2023-12-03', NULL, NULL, 'Izin', 'Izin untuk urusan pribadi'),
(243, 18, '2023-12-03', NULL, NULL, 'Hadir', NULL),
(244, 23, '2023-12-03', NULL, NULL, 'Alpa', 'Tidak hadir tanpa keterangan'),
(245, 25, '2023-12-03', NULL, NULL, 'Izin', 'Izin untuk urusan pribadi'),
(246, 28, '2023-12-03', NULL, NULL, 'Alpa', 'Tidak hadir tanpa keterangan'),
(247, 33, '2023-12-03', NULL, NULL, 'Alpa', 'Tidak hadir tanpa keterangan'),
(248, 36, '2023-12-03', NULL, NULL, 'Sakit', 'Karyawan Sakit'),
(249, 41, '2023-12-03', NULL, NULL, 'Alpa', 'Tidak hadir tanpa keterangan'),
(250, 6, '2023-12-03', NULL, NULL, 'Sakit', 'Karyawan Sakit'),
(251, 11, '2023-12-03', NULL, NULL, 'Sakit', 'Karyawan Sakit'),
(252, 17, '2023-12-03', NULL, NULL, 'Alpa', 'Tidak hadir tanpa keterangan'),
(253, 24, '2023-12-03', NULL, NULL, 'Sakit', 'Karyawan Sakit'),
(254, 29, '2023-12-03', NULL, NULL, 'Hadir', NULL),
(255, 34, '2023-12-03', NULL, NULL, 'Hadir', NULL),
(256, 39, '2023-12-03', NULL, NULL, 'Hadir', NULL),
(257, 44, '2023-12-03', NULL, NULL, 'Sakit', 'Karyawan Sakit'),
(258, 30, '2023-12-03', NULL, NULL, 'Hadir', NULL),
(259, 35, '2023-12-03', NULL, NULL, 'Hadir', NULL),
(260, 40, '2023-12-03', NULL, NULL, 'Alpa', 'Tidak hadir tanpa keterangan'),
(261, 45, '2023-12-03', NULL, NULL, 'Hadir', NULL),
(262, 1, '2023-12-04', NULL, NULL, 'Alpa', 'Tidak hadir tanpa keterangan'),
(263, 4, '2023-12-04', NULL, NULL, 'Sakit', 'Karyawan Sakit'),
(264, 7, '2023-12-04', NULL, NULL, 'Izin', 'Izin untuk urusan pribadi'),
(265, 10, '2023-12-04', NULL, NULL, 'Alpa', 'Tidak hadir tanpa keterangan'),
(266, 13, '2023-12-04', NULL, NULL, 'Alpa', 'Tidak hadir tanpa keterangan'),
(267, 16, '2023-12-04', NULL, NULL, 'Hadir', NULL),
(268, 20, '2023-12-04', NULL, NULL, 'Sakit', 'Karyawan Sakit'),
(269, 22, '2023-12-04', NULL, NULL, 'Alpa', 'Tidak hadir tanpa keterangan'),
(270, 26, '2023-12-04', NULL, NULL, 'Alpa', 'Tidak hadir tanpa keterangan'),
(271, 31, '2023-12-04', NULL, NULL, 'Sakit', 'Karyawan Sakit'),
(272, 38, '2023-12-04', NULL, NULL, 'Izin', 'Izin untuk urusan pribadi'),
(273, 43, '2023-12-04', NULL, NULL, 'Hadir', NULL),
(274, 2, '2023-12-04', NULL, NULL, 'Alpa', 'Tidak hadir tanpa keterangan'),
(275, 5, '2023-12-04', NULL, NULL, 'Alpa', 'Tidak hadir tanpa keterangan'),
(276, 9, '2023-12-04', NULL, NULL, 'Izin', 'Izin untuk urusan pribadi'),
(277, 14, '2023-12-04', NULL, NULL, 'Izin', 'Izin untuk urusan pribadi'),
(278, 19, '2023-12-04', NULL, NULL, 'Sakit', 'Karyawan Sakit'),
(279, 21, '2023-12-04', NULL, NULL, 'Hadir', NULL),
(280, 27, '2023-12-04', NULL, NULL, 'Alpa', 'Tidak hadir tanpa keterangan'),
(281, 32, '2023-12-04', NULL, NULL, 'Sakit', 'Karyawan Sakit'),
(282, 37, '2023-12-04', NULL, NULL, 'Hadir', NULL),
(283, 42, '2023-12-04', NULL, NULL, 'Hadir', NULL),
(284, 3, '2023-12-04', NULL, NULL, 'Hadir', NULL),
(285, 8, '2023-12-04', NULL, NULL, 'Hadir', NULL),
(286, 12, '2023-12-04', NULL, NULL, 'Alpa', 'Tidak hadir tanpa keterangan'),
(287, 15, '2023-12-04', NULL, NULL, 'Hadir', NULL),
(288, 18, '2023-12-04', NULL, NULL, 'Izin', 'Izin untuk urusan pribadi'),
(289, 23, '2023-12-04', NULL, NULL, 'Hadir', NULL),
(290, 25, '2023-12-04', NULL, NULL, 'Alpa', 'Tidak hadir tanpa keterangan'),
(291, 28, '2023-12-04', NULL, NULL, 'Sakit', 'Karyawan Sakit'),
(292, 33, '2023-12-04', NULL, NULL, 'Sakit', 'Karyawan Sakit'),
(293, 36, '2023-12-04', NULL, NULL, 'Izin', 'Izin untuk urusan pribadi'),
(294, 41, '2023-12-04', NULL, NULL, 'Alpa', 'Tidak hadir tanpa keterangan'),
(295, 6, '2023-12-04', NULL, NULL, 'Alpa', 'Tidak hadir tanpa keterangan'),
(296, 11, '2023-12-04', NULL, NULL, 'Alpa', 'Tidak hadir tanpa keterangan'),
(297, 17, '2023-12-04', NULL, NULL, 'Hadir', NULL),
(298, 24, '2023-12-04', NULL, NULL, 'Hadir', NULL),
(299, 29, '2023-12-04', NULL, NULL, 'Sakit', 'Karyawan Sakit'),
(300, 34, '2023-12-04', NULL, NULL, 'Izin', 'Izin untuk urusan pribadi'),
(301, 39, '2023-12-04', NULL, NULL, 'Hadir', NULL),
(302, 44, '2023-12-04', NULL, NULL, 'Alpa', 'Tidak hadir tanpa keterangan'),
(303, 30, '2023-12-04', NULL, NULL, 'Izin', 'Izin untuk urusan pribadi'),
(304, 35, '2023-12-04', NULL, NULL, 'Izin', 'Izin untuk urusan pribadi'),
(305, 40, '2023-12-04', NULL, NULL, 'Sakit', 'Karyawan Sakit'),
(306, 45, '2023-12-04', NULL, NULL, 'Sakit', 'Karyawan Sakit'),
(307, 1, '2023-12-05', NULL, NULL, 'Izin', 'Izin untuk urusan pribadi'),
(308, 4, '2023-12-05', NULL, NULL, 'Izin', 'Izin untuk urusan pribadi'),
(309, 7, '2023-12-05', NULL, NULL, 'Hadir', NULL),
(310, 10, '2023-12-05', NULL, NULL, 'Izin', 'Izin untuk urusan pribadi'),
(311, 13, '2023-12-05', NULL, NULL, 'Sakit', 'Karyawan Sakit'),
(312, 16, '2023-12-05', NULL, NULL, 'Izin', 'Izin untuk urusan pribadi'),
(313, 20, '2023-12-05', NULL, NULL, 'Hadir', NULL),
(314, 22, '2023-12-05', NULL, NULL, 'Sakit', 'Karyawan Sakit'),
(315, 26, '2023-12-05', NULL, NULL, 'Alpa', 'Tidak hadir tanpa keterangan'),
(316, 31, '2023-12-05', NULL, NULL, 'Hadir', NULL),
(317, 38, '2023-12-05', NULL, NULL, 'Hadir', NULL),
(318, 43, '2023-12-05', NULL, NULL, 'Hadir', NULL),
(319, 2, '2023-12-05', NULL, NULL, 'Alpa', 'Tidak hadir tanpa keterangan'),
(320, 5, '2023-12-05', NULL, NULL, 'Sakit', 'Karyawan Sakit'),
(321, 9, '2023-12-05', NULL, NULL, 'Sakit', 'Karyawan Sakit'),
(322, 14, '2023-12-05', NULL, NULL, 'Alpa', 'Tidak hadir tanpa keterangan'),
(323, 19, '2023-12-05', NULL, NULL, 'Alpa', 'Tidak hadir tanpa keterangan'),
(324, 21, '2023-12-05', NULL, NULL, 'Sakit', 'Karyawan Sakit'),
(325, 27, '2023-12-05', NULL, NULL, 'Izin', 'Izin untuk urusan pribadi'),
(326, 32, '2023-12-05', NULL, NULL, 'Izin', 'Izin untuk urusan pribadi'),
(327, 37, '2023-12-05', NULL, NULL, 'Sakit', 'Karyawan Sakit'),
(328, 42, '2023-12-05', NULL, NULL, 'Alpa', 'Tidak hadir tanpa keterangan'),
(329, 3, '2023-12-05', NULL, NULL, 'Hadir', NULL),
(330, 8, '2023-12-05', NULL, NULL, 'Hadir', NULL),
(331, 12, '2023-12-05', NULL, NULL, 'Izin', 'Izin untuk urusan pribadi'),
(332, 15, '2023-12-05', NULL, NULL, 'Sakit', 'Karyawan Sakit'),
(333, 18, '2023-12-05', NULL, NULL, 'Izin', 'Izin untuk urusan pribadi'),
(334, 23, '2023-12-05', NULL, NULL, 'Hadir', NULL),
(335, 25, '2023-12-05', NULL, NULL, 'Izin', 'Izin untuk urusan pribadi'),
(336, 28, '2023-12-05', NULL, NULL, 'Izin', 'Izin untuk urusan pribadi'),
(337, 33, '2023-12-05', NULL, NULL, 'Izin', 'Izin untuk urusan pribadi'),
(338, 36, '2023-12-05', NULL, NULL, 'Alpa', 'Tidak hadir tanpa keterangan'),
(339, 41, '2023-12-05', NULL, NULL, 'Sakit', 'Karyawan Sakit'),
(340, 6, '2023-12-05', NULL, NULL, 'Hadir', NULL),
(341, 11, '2023-12-05', NULL, NULL, 'Hadir', NULL),
(342, 17, '2023-12-05', NULL, NULL, 'Sakit', 'Karyawan Sakit'),
(343, 24, '2023-12-05', NULL, NULL, 'Alpa', 'Tidak hadir tanpa keterangan'),
(344, 29, '2023-12-05', NULL, NULL, 'Alpa', 'Tidak hadir tanpa keterangan'),
(345, 34, '2023-12-05', NULL, NULL, 'Alpa', 'Tidak hadir tanpa keterangan'),
(346, 39, '2023-12-05', NULL, NULL, 'Sakit', 'Karyawan Sakit'),
(347, 44, '2023-12-05', NULL, NULL, 'Hadir', NULL),
(348, 30, '2023-12-05', NULL, NULL, 'Sakit', 'Karyawan Sakit'),
(349, 35, '2023-12-05', NULL, NULL, 'Hadir', NULL),
(350, 40, '2023-12-05', NULL, NULL, 'Izin', 'Izin untuk urusan pribadi'),
(351, 45, '2023-12-05', NULL, NULL, 'Sakit', 'Karyawan Sakit'),
(352, 1, '2023-12-06', NULL, NULL, 'Izin', 'Izin untuk urusan pribadi'),
(353, 4, '2023-12-06', NULL, NULL, 'Sakit', 'Karyawan Sakit'),
(354, 7, '2023-12-06', NULL, NULL, 'Izin', 'Izin untuk urusan pribadi'),
(355, 10, '2023-12-06', NULL, NULL, 'Hadir', NULL),
(356, 13, '2023-12-06', NULL, NULL, 'Izin', 'Izin untuk urusan pribadi'),
(357, 16, '2023-12-06', NULL, NULL, 'Hadir', NULL),
(358, 20, '2023-12-06', NULL, NULL, 'Izin', 'Izin untuk urusan pribadi'),
(359, 22, '2023-12-06', NULL, NULL, 'Izin', 'Izin untuk urusan pribadi'),
(360, 26, '2023-12-06', NULL, NULL, 'Alpa', 'Tidak hadir tanpa keterangan'),
(361, 31, '2023-12-06', NULL, NULL, 'Sakit', 'Karyawan Sakit'),
(362, 38, '2023-12-06', NULL, NULL, 'Sakit', 'Karyawan Sakit'),
(363, 43, '2023-12-06', NULL, NULL, 'Hadir', NULL),
(364, 2, '2023-12-06', NULL, NULL, 'Hadir', NULL),
(365, 5, '2023-12-06', NULL, NULL, 'Sakit', 'Karyawan Sakit'),
(366, 9, '2023-12-06', NULL, NULL, 'Sakit', 'Karyawan Sakit'),
(367, 14, '2023-12-06', NULL, NULL, 'Izin', 'Izin untuk urusan pribadi'),
(368, 19, '2023-12-06', NULL, NULL, 'Alpa', 'Tidak hadir tanpa keterangan'),
(369, 21, '2023-12-06', NULL, NULL, 'Izin', 'Izin untuk urusan pribadi'),
(370, 27, '2023-12-06', NULL, NULL, 'Alpa', 'Tidak hadir tanpa keterangan'),
(371, 32, '2023-12-06', NULL, NULL, 'Alpa', 'Tidak hadir tanpa keterangan'),
(372, 37, '2023-12-06', NULL, NULL, 'Sakit', 'Karyawan Sakit'),
(373, 42, '2023-12-06', NULL, NULL, 'Sakit', 'Karyawan Sakit'),
(374, 3, '2023-12-06', NULL, NULL, 'Sakit', 'Karyawan Sakit'),
(375, 8, '2023-12-06', NULL, NULL, 'Hadir', NULL),
(376, 12, '2023-12-06', NULL, NULL, 'Alpa', 'Tidak hadir tanpa keterangan'),
(377, 15, '2023-12-06', NULL, NULL, 'Sakit', 'Karyawan Sakit'),
(378, 18, '2023-12-06', NULL, NULL, 'Hadir', NULL),
(379, 23, '2023-12-06', NULL, NULL, 'Sakit', 'Karyawan Sakit'),
(380, 25, '2023-12-06', NULL, NULL, 'Sakit', 'Karyawan Sakit'),
(381, 28, '2023-12-06', NULL, NULL, 'Alpa', 'Tidak hadir tanpa keterangan'),
(382, 33, '2023-12-06', NULL, NULL, 'Alpa', 'Tidak hadir tanpa keterangan'),
(383, 36, '2023-12-06', NULL, NULL, 'Izin', 'Izin untuk urusan pribadi'),
(384, 41, '2023-12-06', NULL, NULL, 'Izin', 'Izin untuk urusan pribadi'),
(385, 6, '2023-12-06', NULL, NULL, 'Hadir', NULL),
(386, 11, '2023-12-06', NULL, NULL, 'Hadir', NULL),
(387, 17, '2023-12-06', NULL, NULL, 'Alpa', 'Tidak hadir tanpa keterangan'),
(388, 24, '2023-12-06', NULL, NULL, 'Hadir', NULL),
(389, 29, '2023-12-06', NULL, NULL, 'Hadir', NULL),
(390, 34, '2023-12-06', NULL, NULL, 'Alpa', 'Tidak hadir tanpa keterangan'),
(391, 39, '2023-12-06', NULL, NULL, 'Hadir', NULL),
(392, 44, '2023-12-06', NULL, NULL, 'Alpa', 'Tidak hadir tanpa keterangan'),
(393, 30, '2023-12-06', NULL, NULL, 'Hadir', NULL),
(394, 35, '2023-12-06', NULL, NULL, 'Sakit', 'Karyawan Sakit'),
(395, 40, '2023-12-06', NULL, NULL, 'Izin', 'Izin untuk urusan pribadi'),
(396, 45, '2023-12-06', NULL, NULL, 'Izin', 'Izin untuk urusan pribadi'),
(397, 1, '2023-12-07', NULL, NULL, 'Hadir', NULL),
(398, 4, '2023-12-07', NULL, NULL, 'Alpa', 'Tidak hadir tanpa keterangan'),
(399, 7, '2023-12-07', NULL, NULL, 'Alpa', 'Tidak hadir tanpa keterangan'),
(400, 10, '2023-12-07', NULL, NULL, 'Alpa', 'Tidak hadir tanpa keterangan'),
(401, 13, '2023-12-07', NULL, NULL, 'Hadir', NULL),
(402, 16, '2023-12-07', NULL, NULL, 'Hadir', NULL),
(403, 20, '2023-12-07', NULL, NULL, 'Alpa', 'Tidak hadir tanpa keterangan'),
(404, 22, '2023-12-07', NULL, NULL, 'Alpa', 'Tidak hadir tanpa keterangan'),
(405, 26, '2023-12-07', NULL, NULL, 'Hadir', NULL),
(406, 31, '2023-12-07', NULL, NULL, 'Alpa', 'Tidak hadir tanpa keterangan'),
(407, 38, '2023-12-07', NULL, NULL, 'Sakit', 'Karyawan Sakit'),
(408, 43, '2023-12-07', NULL, NULL, 'Alpa', 'Tidak hadir tanpa keterangan'),
(409, 2, '2023-12-07', NULL, NULL, 'Izin', 'Izin untuk urusan pribadi'),
(410, 5, '2023-12-07', NULL, NULL, 'Alpa', 'Tidak hadir tanpa keterangan'),
(411, 9, '2023-12-07', NULL, NULL, 'Hadir', NULL),
(412, 14, '2023-12-07', NULL, NULL, 'Izin', 'Izin untuk urusan pribadi'),
(413, 19, '2023-12-07', NULL, NULL, 'Alpa', 'Tidak hadir tanpa keterangan'),
(414, 21, '2023-12-07', NULL, NULL, 'Hadir', NULL),
(415, 27, '2023-12-07', NULL, NULL, 'Izin', 'Izin untuk urusan pribadi'),
(416, 32, '2023-12-07', NULL, NULL, 'Izin', 'Izin untuk urusan pribadi'),
(417, 37, '2023-12-07', NULL, NULL, 'Hadir', NULL),
(418, 42, '2023-12-07', NULL, NULL, 'Izin', 'Izin untuk urusan pribadi'),
(419, 3, '2023-12-07', NULL, NULL, 'Hadir', NULL),
(420, 8, '2023-12-07', NULL, NULL, 'Hadir', NULL),
(421, 12, '2023-12-07', NULL, NULL, 'Alpa', 'Tidak hadir tanpa keterangan'),
(422, 15, '2023-12-07', NULL, NULL, 'Sakit', 'Karyawan Sakit'),
(423, 18, '2023-12-07', NULL, NULL, 'Sakit', 'Karyawan Sakit'),
(424, 23, '2023-12-07', NULL, NULL, 'Izin', 'Izin untuk urusan pribadi'),
(425, 25, '2023-12-07', NULL, NULL, 'Alpa', 'Tidak hadir tanpa keterangan'),
(426, 28, '2023-12-07', NULL, NULL, 'Izin', 'Izin untuk urusan pribadi'),
(427, 33, '2023-12-07', NULL, NULL, 'Sakit', 'Karyawan Sakit'),
(428, 36, '2023-12-07', NULL, NULL, 'Alpa', 'Tidak hadir tanpa keterangan'),
(429, 41, '2023-12-07', NULL, NULL, 'Izin', 'Izin untuk urusan pribadi'),
(430, 6, '2023-12-07', NULL, NULL, 'Izin', 'Izin untuk urusan pribadi'),
(431, 11, '2023-12-07', NULL, NULL, 'Hadir', NULL),
(432, 17, '2023-12-07', NULL, NULL, 'Alpa', 'Tidak hadir tanpa keterangan'),
(433, 24, '2023-12-07', NULL, NULL, 'Alpa', 'Tidak hadir tanpa keterangan'),
(434, 29, '2023-12-07', NULL, NULL, 'Izin', 'Izin untuk urusan pribadi'),
(435, 34, '2023-12-07', NULL, NULL, 'Izin', 'Izin untuk urusan pribadi'),
(436, 39, '2023-12-07', NULL, NULL, 'Sakit', 'Karyawan Sakit'),
(437, 44, '2023-12-07', NULL, NULL, 'Izin', 'Izin untuk urusan pribadi'),
(438, 30, '2023-12-07', NULL, NULL, 'Izin', 'Izin untuk urusan pribadi'),
(439, 35, '2023-12-07', NULL, NULL, 'Sakit', 'Karyawan Sakit'),
(440, 40, '2023-12-07', NULL, NULL, 'Hadir', NULL),
(441, 45, '2023-12-07', NULL, NULL, 'Hadir', NULL),
(442, 1, '2023-12-08', NULL, NULL, 'Hadir', NULL),
(443, 4, '2023-12-08', NULL, NULL, 'Sakit', 'Karyawan Sakit'),
(444, 7, '2023-12-08', NULL, NULL, 'Sakit', 'Karyawan Sakit'),
(445, 10, '2023-12-08', NULL, NULL, 'Izin', 'Izin untuk urusan pribadi'),
(446, 13, '2023-12-08', NULL, NULL, 'Alpa', 'Tidak hadir tanpa keterangan'),
(447, 16, '2023-12-08', NULL, NULL, 'Alpa', 'Tidak hadir tanpa keterangan'),
(448, 20, '2023-12-08', NULL, NULL, 'Hadir', NULL),
(449, 22, '2023-12-08', NULL, NULL, 'Hadir', NULL),
(450, 26, '2023-12-08', NULL, NULL, 'Sakit', 'Karyawan Sakit'),
(451, 31, '2023-12-08', NULL, NULL, 'Hadir', NULL),
(452, 38, '2023-12-08', NULL, NULL, 'Sakit', 'Karyawan Sakit'),
(453, 43, '2023-12-08', NULL, NULL, 'Izin', 'Izin untuk urusan pribadi'),
(454, 2, '2023-12-08', NULL, NULL, 'Alpa', 'Tidak hadir tanpa keterangan'),
(455, 5, '2023-12-08', NULL, NULL, 'Hadir', NULL),
(456, 9, '2023-12-08', NULL, NULL, 'Izin', 'Izin untuk urusan pribadi'),
(457, 14, '2023-12-08', NULL, NULL, 'Izin', 'Izin untuk urusan pribadi'),
(458, 19, '2023-12-08', NULL, NULL, 'Hadir', NULL),
(459, 21, '2023-12-08', NULL, NULL, 'Alpa', 'Tidak hadir tanpa keterangan'),
(460, 27, '2023-12-08', NULL, NULL, 'Hadir', NULL),
(461, 32, '2023-12-08', NULL, NULL, 'Hadir', NULL),
(462, 37, '2023-12-08', NULL, NULL, 'Alpa', 'Tidak hadir tanpa keterangan'),
(463, 42, '2023-12-08', NULL, NULL, 'Hadir', NULL),
(464, 3, '2023-12-08', NULL, NULL, 'Hadir', NULL),
(465, 8, '2023-12-08', NULL, NULL, 'Sakit', 'Karyawan Sakit'),
(466, 12, '2023-12-08', NULL, NULL, 'Alpa', 'Tidak hadir tanpa keterangan'),
(467, 15, '2023-12-08', NULL, NULL, 'Alpa', 'Tidak hadir tanpa keterangan'),
(468, 18, '2023-12-08', NULL, NULL, 'Sakit', 'Karyawan Sakit'),
(469, 23, '2023-12-08', NULL, NULL, 'Hadir', NULL),
(470, 25, '2023-12-08', NULL, NULL, 'Sakit', 'Karyawan Sakit'),
(471, 28, '2023-12-08', NULL, NULL, 'Izin', 'Izin untuk urusan pribadi'),
(472, 33, '2023-12-08', NULL, NULL, 'Izin', 'Izin untuk urusan pribadi'),
(473, 36, '2023-12-08', NULL, NULL, 'Hadir', NULL),
(474, 41, '2023-12-08', NULL, NULL, 'Izin', 'Izin untuk urusan pribadi'),
(475, 6, '2023-12-08', NULL, NULL, 'Alpa', 'Tidak hadir tanpa keterangan'),
(476, 11, '2023-12-08', NULL, NULL, 'Hadir', NULL),
(477, 17, '2023-12-08', NULL, NULL, 'Alpa', 'Tidak hadir tanpa keterangan'),
(478, 24, '2023-12-08', NULL, NULL, 'Sakit', 'Karyawan Sakit'),
(479, 29, '2023-12-08', NULL, NULL, 'Alpa', 'Tidak hadir tanpa keterangan'),
(480, 34, '2023-12-08', NULL, NULL, 'Hadir', NULL),
(481, 39, '2023-12-08', NULL, NULL, 'Hadir', NULL),
(482, 44, '2023-12-08', NULL, NULL, 'Izin', 'Izin untuk urusan pribadi'),
(483, 30, '2023-12-08', NULL, NULL, 'Izin', 'Izin untuk urusan pribadi'),
(484, 35, '2023-12-08', NULL, NULL, 'Sakit', 'Karyawan Sakit'),
(485, 40, '2023-12-08', NULL, NULL, 'Izin', 'Izin untuk urusan pribadi'),
(486, 45, '2023-12-08', NULL, NULL, 'Alpa', 'Tidak hadir tanpa keterangan'),
(487, 1, '2023-12-09', NULL, NULL, 'Alpa', 'Tidak hadir tanpa keterangan'),
(488, 4, '2023-12-09', NULL, NULL, 'Sakit', 'Karyawan Sakit'),
(489, 7, '2023-12-09', NULL, NULL, 'Izin', 'Izin untuk urusan pribadi'),
(490, 10, '2023-12-09', NULL, NULL, 'Hadir', NULL),
(491, 13, '2023-12-09', NULL, NULL, 'Alpa', 'Tidak hadir tanpa keterangan'),
(492, 16, '2023-12-09', NULL, NULL, 'Sakit', 'Karyawan Sakit'),
(493, 20, '2023-12-09', NULL, NULL, 'Izin', 'Izin untuk urusan pribadi'),
(494, 22, '2023-12-09', NULL, NULL, 'Alpa', 'Tidak hadir tanpa keterangan'),
(495, 26, '2023-12-09', NULL, NULL, 'Hadir', NULL),
(496, 31, '2023-12-09', NULL, NULL, 'Hadir', NULL),
(497, 38, '2023-12-09', NULL, NULL, 'Hadir', NULL),
(498, 43, '2023-12-09', NULL, NULL, 'Hadir', NULL),
(499, 2, '2023-12-09', NULL, NULL, 'Hadir', NULL),
(500, 5, '2023-12-09', NULL, NULL, 'Sakit', 'Karyawan Sakit'),
(501, 9, '2023-12-09', NULL, NULL, 'Hadir', NULL),
(502, 14, '2023-12-09', NULL, NULL, 'Hadir', NULL),
(503, 19, '2023-12-09', NULL, NULL, 'Sakit', 'Karyawan Sakit'),
(504, 21, '2023-12-09', NULL, NULL, 'Sakit', 'Karyawan Sakit'),
(505, 27, '2023-12-09', NULL, NULL, 'Sakit', 'Karyawan Sakit'),
(506, 32, '2023-12-09', NULL, NULL, 'Izin', 'Izin untuk urusan pribadi'),
(507, 37, '2023-12-09', NULL, NULL, 'Alpa', 'Tidak hadir tanpa keterangan'),
(508, 42, '2023-12-09', NULL, NULL, 'Izin', 'Izin untuk urusan pribadi'),
(509, 3, '2023-12-09', NULL, NULL, 'Alpa', 'Tidak hadir tanpa keterangan'),
(510, 8, '2023-12-09', NULL, NULL, 'Hadir', NULL),
(511, 12, '2023-12-09', NULL, NULL, 'Sakit', 'Karyawan Sakit'),
(512, 15, '2023-12-09', NULL, NULL, 'Sakit', 'Karyawan Sakit'),
(513, 18, '2023-12-09', NULL, NULL, 'Hadir', NULL),
(514, 23, '2023-12-09', NULL, NULL, 'Hadir', NULL),
(515, 25, '2023-12-09', NULL, NULL, 'Izin', 'Izin untuk urusan pribadi'),
(516, 28, '2023-12-09', NULL, NULL, 'Hadir', NULL),
(517, 33, '2023-12-09', NULL, NULL, 'Sakit', 'Karyawan Sakit'),
(518, 36, '2023-12-09', NULL, NULL, 'Alpa', 'Tidak hadir tanpa keterangan'),
(519, 41, '2023-12-09', NULL, NULL, 'Hadir', NULL),
(520, 6, '2023-12-09', NULL, NULL, 'Izin', 'Izin untuk urusan pribadi'),
(521, 11, '2023-12-09', NULL, NULL, 'Sakit', 'Karyawan Sakit'),
(522, 17, '2023-12-09', NULL, NULL, 'Alpa', 'Tidak hadir tanpa keterangan'),
(523, 24, '2023-12-09', NULL, NULL, 'Izin', 'Izin untuk urusan pribadi'),
(524, 29, '2023-12-09', NULL, NULL, 'Alpa', 'Tidak hadir tanpa keterangan'),
(525, 34, '2023-12-09', NULL, NULL, 'Sakit', 'Karyawan Sakit'),
(526, 39, '2023-12-09', NULL, NULL, 'Sakit', 'Karyawan Sakit'),
(527, 44, '2023-12-09', NULL, NULL, 'Alpa', 'Tidak hadir tanpa keterangan'),
(528, 30, '2023-12-09', NULL, NULL, 'Sakit', 'Karyawan Sakit'),
(529, 35, '2023-12-09', NULL, NULL, 'Hadir', NULL),
(530, 40, '2023-12-09', NULL, NULL, 'Hadir', NULL),
(531, 45, '2023-12-09', NULL, NULL, 'Alpa', 'Tidak hadir tanpa keterangan'),
(532, 1, '2023-12-10', NULL, NULL, 'Alpa', 'Tidak hadir tanpa keterangan'),
(533, 4, '2023-12-10', NULL, NULL, 'Izin', 'Izin untuk urusan pribadi'),
(534, 7, '2023-12-10', NULL, NULL, 'Hadir', NULL),
(535, 10, '2023-12-10', NULL, NULL, 'Izin', 'Izin untuk urusan pribadi'),
(536, 13, '2023-12-10', NULL, NULL, 'Hadir', NULL),
(537, 16, '2023-12-10', NULL, NULL, 'Alpa', 'Tidak hadir tanpa keterangan'),
(538, 20, '2023-12-10', NULL, NULL, 'Alpa', 'Tidak hadir tanpa keterangan'),
(539, 22, '2023-12-10', NULL, NULL, 'Sakit', 'Karyawan Sakit'),
(540, 26, '2023-12-10', NULL, NULL, 'Alpa', 'Tidak hadir tanpa keterangan'),
(541, 31, '2023-12-10', NULL, NULL, 'Izin', 'Izin untuk urusan pribadi'),
(542, 38, '2023-12-10', NULL, NULL, 'Hadir', NULL),
(543, 43, '2023-12-10', NULL, NULL, 'Sakit', 'Karyawan Sakit'),
(544, 2, '2023-12-10', NULL, NULL, 'Izin', 'Izin untuk urusan pribadi'),
(545, 5, '2023-12-10', NULL, NULL, 'Hadir', NULL),
(546, 9, '2023-12-10', NULL, NULL, 'Sakit', 'Karyawan Sakit'),
(547, 14, '2023-12-10', NULL, NULL, 'Izin', 'Izin untuk urusan pribadi'),
(548, 19, '2023-12-10', NULL, NULL, 'Alpa', 'Tidak hadir tanpa keterangan'),
(549, 21, '2023-12-10', NULL, NULL, 'Sakit', 'Karyawan Sakit'),
(550, 27, '2023-12-10', NULL, NULL, 'Sakit', 'Karyawan Sakit'),
(551, 32, '2023-12-10', NULL, NULL, 'Izin', 'Izin untuk urusan pribadi'),
(552, 37, '2023-12-10', NULL, NULL, 'Izin', 'Izin untuk urusan pribadi'),
(553, 42, '2023-12-10', NULL, NULL, 'Hadir', NULL),
(554, 3, '2023-12-10', NULL, NULL, 'Alpa', 'Tidak hadir tanpa keterangan'),
(555, 8, '2023-12-10', NULL, NULL, 'Alpa', 'Tidak hadir tanpa keterangan'),
(556, 12, '2023-12-10', NULL, NULL, 'Izin', 'Izin untuk urusan pribadi'),
(557, 15, '2023-12-10', NULL, NULL, 'Sakit', 'Karyawan Sakit'),
(558, 18, '2023-12-10', NULL, NULL, 'Sakit', 'Karyawan Sakit'),
(559, 23, '2023-12-10', NULL, NULL, 'Hadir', NULL),
(560, 25, '2023-12-10', NULL, NULL, 'Hadir', NULL),
(561, 28, '2023-12-10', NULL, NULL, 'Hadir', NULL),
(562, 33, '2023-12-10', NULL, NULL, 'Alpa', 'Tidak hadir tanpa keterangan'),
(563, 36, '2023-12-10', NULL, NULL, 'Alpa', 'Tidak hadir tanpa keterangan'),
(564, 41, '2023-12-10', NULL, NULL, 'Alpa', 'Tidak hadir tanpa keterangan'),
(565, 6, '2023-12-10', NULL, NULL, 'Hadir', NULL),
(566, 11, '2023-12-10', NULL, NULL, 'Sakit', 'Karyawan Sakit'),
(567, 17, '2023-12-10', NULL, NULL, 'Alpa', 'Tidak hadir tanpa keterangan'),
(568, 24, '2023-12-10', NULL, NULL, 'Alpa', 'Tidak hadir tanpa keterangan'),
(569, 29, '2023-12-10', NULL, NULL, 'Sakit', 'Karyawan Sakit'),
(570, 34, '2023-12-10', NULL, NULL, 'Alpa', 'Tidak hadir tanpa keterangan'),
(571, 39, '2023-12-10', NULL, NULL, 'Sakit', 'Karyawan Sakit'),
(572, 44, '2023-12-10', NULL, NULL, 'Hadir', NULL),
(573, 30, '2023-12-10', NULL, NULL, 'Alpa', 'Tidak hadir tanpa keterangan'),
(574, 35, '2023-12-10', NULL, NULL, 'Alpa', 'Tidak hadir tanpa keterangan'),
(575, 40, '2023-12-10', NULL, NULL, 'Alpa', 'Tidak hadir tanpa keterangan'),
(576, 45, '2023-12-10', NULL, NULL, 'Hadir', NULL),
(577, 1, '2023-12-11', NULL, NULL, 'Alpa', 'Tidak hadir tanpa keterangan'),
(578, 4, '2023-12-11', NULL, NULL, 'Izin', 'Izin untuk urusan pribadi'),
(579, 7, '2023-12-11', NULL, NULL, 'Izin', 'Izin untuk urusan pribadi'),
(580, 10, '2023-12-11', NULL, NULL, 'Alpa', 'Tidak hadir tanpa keterangan'),
(581, 13, '2023-12-11', NULL, NULL, 'Hadir', NULL),
(582, 16, '2023-12-11', NULL, NULL, 'Sakit', 'Karyawan Sakit'),
(583, 20, '2023-12-11', NULL, NULL, 'Hadir', NULL),
(584, 22, '2023-12-11', NULL, NULL, 'Alpa', 'Tidak hadir tanpa keterangan'),
(585, 26, '2023-12-11', NULL, NULL, 'Alpa', 'Tidak hadir tanpa keterangan'),
(586, 31, '2023-12-11', NULL, NULL, 'Izin', 'Izin untuk urusan pribadi'),
(587, 38, '2023-12-11', NULL, NULL, 'Izin', 'Izin untuk urusan pribadi'),
(588, 43, '2023-12-11', NULL, NULL, 'Izin', 'Izin untuk urusan pribadi'),
(589, 2, '2023-12-11', NULL, NULL, 'Izin', 'Izin untuk urusan pribadi'),
(590, 5, '2023-12-11', NULL, NULL, 'Hadir', NULL),
(591, 9, '2023-12-11', NULL, NULL, 'Sakit', 'Karyawan Sakit'),
(592, 14, '2023-12-11', NULL, NULL, 'Sakit', 'Karyawan Sakit'),
(593, 19, '2023-12-11', NULL, NULL, 'Alpa', 'Tidak hadir tanpa keterangan'),
(594, 21, '2023-12-11', NULL, NULL, 'Hadir', NULL),
(595, 27, '2023-12-11', NULL, NULL, 'Sakit', 'Karyawan Sakit'),
(596, 32, '2023-12-11', NULL, NULL, 'Hadir', NULL),
(597, 37, '2023-12-11', NULL, NULL, 'Izin', 'Izin untuk urusan pribadi'),
(598, 42, '2023-12-11', NULL, NULL, 'Izin', 'Izin untuk urusan pribadi'),
(599, 3, '2023-12-11', NULL, NULL, 'Sakit', 'Karyawan Sakit'),
(600, 8, '2023-12-11', NULL, NULL, 'Hadir', NULL),
(601, 12, '2023-12-11', NULL, NULL, 'Alpa', 'Tidak hadir tanpa keterangan'),
(602, 15, '2023-12-11', NULL, NULL, 'Hadir', NULL),
(603, 18, '2023-12-11', NULL, NULL, 'Izin', 'Izin untuk urusan pribadi'),
(604, 23, '2023-12-11', NULL, NULL, 'Hadir', NULL),
(605, 25, '2023-12-11', NULL, NULL, 'Sakit', 'Karyawan Sakit'),
(606, 28, '2023-12-11', NULL, NULL, 'Sakit', 'Karyawan Sakit'),
(607, 33, '2023-12-11', NULL, NULL, 'Sakit', 'Karyawan Sakit'),
(608, 36, '2023-12-11', NULL, NULL, 'Sakit', 'Karyawan Sakit'),
(609, 41, '2023-12-11', NULL, NULL, 'Alpa', 'Tidak hadir tanpa keterangan'),
(610, 6, '2023-12-11', NULL, NULL, 'Alpa', 'Tidak hadir tanpa keterangan'),
(611, 11, '2023-12-11', NULL, NULL, 'Izin', 'Izin untuk urusan pribadi'),
(612, 17, '2023-12-11', NULL, NULL, 'Alpa', 'Tidak hadir tanpa keterangan'),
(613, 24, '2023-12-11', NULL, NULL, 'Izin', 'Izin untuk urusan pribadi'),
(614, 29, '2023-12-11', NULL, NULL, 'Hadir', NULL),
(615, 34, '2023-12-11', NULL, NULL, 'Alpa', 'Tidak hadir tanpa keterangan'),
(616, 39, '2023-12-11', NULL, NULL, 'Izin', 'Izin untuk urusan pribadi'),
(617, 44, '2023-12-11', NULL, NULL, 'Alpa', 'Tidak hadir tanpa keterangan'),
(618, 30, '2023-12-11', NULL, NULL, 'Alpa', 'Tidak hadir tanpa keterangan'),
(619, 35, '2023-12-11', NULL, NULL, 'Sakit', 'Karyawan Sakit'),
(620, 40, '2023-12-11', NULL, NULL, 'Alpa', 'Tidak hadir tanpa keterangan'),
(621, 45, '2023-12-11', NULL, NULL, 'Izin', 'Izin untuk urusan pribadi'),
(622, 1, '2023-12-12', NULL, NULL, 'Hadir', NULL),
(623, 4, '2023-12-12', NULL, NULL, 'Izin', 'Izin untuk urusan pribadi'),
(624, 7, '2023-12-12', NULL, NULL, 'Izin', 'Izin untuk urusan pribadi'),
(625, 10, '2023-12-12', NULL, NULL, 'Hadir', NULL),
(626, 13, '2023-12-12', NULL, NULL, 'Izin', 'Izin untuk urusan pribadi'),
(627, 16, '2023-12-12', NULL, NULL, 'Sakit', 'Karyawan Sakit'),
(628, 20, '2023-12-12', NULL, NULL, 'Sakit', 'Karyawan Sakit'),
(629, 22, '2023-12-12', NULL, NULL, 'Izin', 'Izin untuk urusan pribadi'),
(630, 26, '2023-12-12', NULL, NULL, 'Sakit', 'Karyawan Sakit'),
(631, 31, '2023-12-12', NULL, NULL, 'Hadir', NULL),
(632, 38, '2023-12-12', NULL, NULL, 'Hadir', NULL),
(633, 43, '2023-12-12', NULL, NULL, 'Alpa', 'Tidak hadir tanpa keterangan'),
(634, 2, '2023-12-12', NULL, NULL, 'Sakit', 'Karyawan Sakit'),
(635, 5, '2023-12-12', NULL, NULL, 'Alpa', 'Tidak hadir tanpa keterangan'),
(636, 9, '2023-12-12', NULL, NULL, 'Alpa', 'Tidak hadir tanpa keterangan'),
(637, 14, '2023-12-12', NULL, NULL, 'Izin', 'Izin untuk urusan pribadi'),
(638, 19, '2023-12-12', NULL, NULL, 'Sakit', 'Karyawan Sakit'),
(639, 21, '2023-12-12', NULL, NULL, 'Alpa', 'Tidak hadir tanpa keterangan'),
(640, 27, '2023-12-12', NULL, NULL, 'Izin', 'Izin untuk urusan pribadi'),
(641, 32, '2023-12-12', NULL, NULL, 'Sakit', 'Karyawan Sakit'),
(642, 37, '2023-12-12', NULL, NULL, 'Alpa', 'Tidak hadir tanpa keterangan'),
(643, 42, '2023-12-12', NULL, NULL, 'Sakit', 'Karyawan Sakit'),
(644, 3, '2023-12-12', NULL, NULL, 'Sakit', 'Karyawan Sakit'),
(645, 8, '2023-12-12', NULL, NULL, 'Alpa', 'Tidak hadir tanpa keterangan'),
(646, 12, '2023-12-12', NULL, NULL, 'Alpa', 'Tidak hadir tanpa keterangan'),
(647, 15, '2023-12-12', NULL, NULL, 'Hadir', NULL),
(648, 18, '2023-12-12', NULL, NULL, 'Hadir', NULL),
(649, 23, '2023-12-12', NULL, NULL, 'Sakit', 'Karyawan Sakit'),
(650, 25, '2023-12-12', NULL, NULL, 'Izin', 'Izin untuk urusan pribadi'),
(651, 28, '2023-12-12', NULL, NULL, 'Sakit', 'Karyawan Sakit'),
(652, 33, '2023-12-12', NULL, NULL, 'Alpa', 'Tidak hadir tanpa keterangan'),
(653, 36, '2023-12-12', NULL, NULL, 'Alpa', 'Tidak hadir tanpa keterangan'),
(654, 41, '2023-12-12', NULL, NULL, 'Alpa', 'Tidak hadir tanpa keterangan'),
(655, 6, '2023-12-12', NULL, NULL, 'Hadir', NULL),
(656, 11, '2023-12-12', NULL, NULL, 'Alpa', 'Tidak hadir tanpa keterangan'),
(657, 17, '2023-12-12', NULL, NULL, 'Alpa', 'Tidak hadir tanpa keterangan'),
(658, 24, '2023-12-12', NULL, NULL, 'Sakit', 'Karyawan Sakit'),
(659, 29, '2023-12-12', NULL, NULL, 'Sakit', 'Karyawan Sakit'),
(660, 34, '2023-12-12', NULL, NULL, 'Hadir', NULL),
(661, 39, '2023-12-12', NULL, NULL, 'Alpa', 'Tidak hadir tanpa keterangan'),
(662, 44, '2023-12-12', NULL, NULL, 'Alpa', 'Tidak hadir tanpa keterangan'),
(663, 30, '2023-12-12', NULL, NULL, 'Hadir', NULL),
(664, 35, '2023-12-12', NULL, NULL, 'Sakit', 'Karyawan Sakit'),
(665, 40, '2023-12-12', NULL, NULL, 'Alpa', 'Tidak hadir tanpa keterangan'),
(666, 45, '2023-12-12', NULL, NULL, 'Izin', 'Izin untuk urusan pribadi'),
(667, 1, '2023-12-13', NULL, NULL, 'Hadir', NULL),
(668, 4, '2023-12-13', NULL, NULL, 'Izin', 'Izin untuk urusan pribadi'),
(669, 7, '2023-12-13', NULL, NULL, 'Alpa', 'Tidak hadir tanpa keterangan'),
(670, 10, '2023-12-13', NULL, NULL, 'Izin', 'Izin untuk urusan pribadi'),
(671, 13, '2023-12-13', NULL, NULL, 'Sakit', 'Karyawan Sakit'),
(672, 16, '2023-12-13', NULL, NULL, 'Alpa', 'Tidak hadir tanpa keterangan'),
(673, 20, '2023-12-13', NULL, NULL, 'Alpa', 'Tidak hadir tanpa keterangan'),
(674, 22, '2023-12-13', NULL, NULL, 'Sakit', 'Karyawan Sakit'),
(675, 26, '2023-12-13', NULL, NULL, 'Alpa', 'Tidak hadir tanpa keterangan'),
(676, 31, '2023-12-13', NULL, NULL, 'Sakit', 'Karyawan Sakit'),
(677, 38, '2023-12-13', NULL, NULL, 'Sakit', 'Karyawan Sakit'),
(678, 43, '2023-12-13', NULL, NULL, 'Hadir', NULL),
(679, 2, '2023-12-13', NULL, NULL, 'Sakit', 'Karyawan Sakit'),
(680, 5, '2023-12-13', NULL, NULL, 'Sakit', 'Karyawan Sakit'),
(681, 9, '2023-12-13', NULL, NULL, 'Alpa', 'Tidak hadir tanpa keterangan'),
(682, 14, '2023-12-13', NULL, NULL, 'Alpa', 'Tidak hadir tanpa keterangan'),
(683, 19, '2023-12-13', NULL, NULL, 'Hadir', NULL),
(684, 21, '2023-12-13', NULL, NULL, 'Izin', 'Izin untuk urusan pribadi'),
(685, 27, '2023-12-13', NULL, NULL, 'Sakit', 'Karyawan Sakit'),
(686, 32, '2023-12-13', NULL, NULL, 'Alpa', 'Tidak hadir tanpa keterangan'),
(687, 37, '2023-12-13', NULL, NULL, 'Sakit', 'Karyawan Sakit'),
(688, 42, '2023-12-13', NULL, NULL, 'Alpa', 'Tidak hadir tanpa keterangan'),
(689, 3, '2023-12-13', NULL, NULL, 'Alpa', 'Tidak hadir tanpa keterangan'),
(690, 8, '2023-12-13', NULL, NULL, 'Alpa', 'Tidak hadir tanpa keterangan'),
(691, 12, '2023-12-13', NULL, NULL, 'Izin', 'Izin untuk urusan pribadi'),
(692, 15, '2023-12-13', NULL, NULL, 'Alpa', 'Tidak hadir tanpa keterangan'),
(693, 18, '2023-12-13', NULL, NULL, 'Hadir', NULL),
(694, 23, '2023-12-13', NULL, NULL, 'Izin', 'Izin untuk urusan pribadi'),
(695, 25, '2023-12-13', NULL, NULL, 'Alpa', 'Tidak hadir tanpa keterangan'),
(696, 28, '2023-12-13', NULL, NULL, 'Izin', 'Izin untuk urusan pribadi'),
(697, 33, '2023-12-13', NULL, NULL, 'Izin', 'Izin untuk urusan pribadi'),
(698, 36, '2023-12-13', NULL, NULL, 'Sakit', 'Karyawan Sakit'),
(699, 41, '2023-12-13', NULL, NULL, 'Izin', 'Izin untuk urusan pribadi'),
(700, 6, '2023-12-13', NULL, NULL, 'Sakit', 'Karyawan Sakit'),
(701, 11, '2023-12-13', NULL, NULL, 'Sakit', 'Karyawan Sakit'),
(702, 17, '2023-12-13', NULL, NULL, 'Sakit', 'Karyawan Sakit'),
(703, 24, '2023-12-13', NULL, NULL, 'Hadir', NULL),
(704, 29, '2023-12-13', NULL, NULL, 'Izin', 'Izin untuk urusan pribadi'),
(705, 34, '2023-12-13', NULL, NULL, 'Izin', 'Izin untuk urusan pribadi'),
(706, 39, '2023-12-13', NULL, NULL, 'Alpa', 'Tidak hadir tanpa keterangan'),
(707, 44, '2023-12-13', NULL, NULL, 'Hadir', NULL),
(708, 30, '2023-12-13', NULL, NULL, 'Hadir', NULL),
(709, 35, '2023-12-13', NULL, NULL, 'Sakit', 'Karyawan Sakit'),
(710, 40, '2023-12-13', NULL, NULL, 'Alpa', 'Tidak hadir tanpa keterangan'),
(711, 45, '2023-12-13', NULL, NULL, 'Hadir', NULL),
(712, 1, '2023-12-14', NULL, NULL, 'Sakit', 'Karyawan Sakit'),
(713, 4, '2023-12-14', NULL, NULL, 'Alpa', 'Tidak hadir tanpa keterangan'),
(714, 7, '2023-12-14', NULL, NULL, 'Hadir', NULL),
(715, 10, '2023-12-14', NULL, NULL, 'Alpa', 'Tidak hadir tanpa keterangan'),
(716, 13, '2023-12-14', NULL, NULL, 'Hadir', NULL),
(717, 16, '2023-12-14', NULL, NULL, 'Izin', 'Izin untuk urusan pribadi'),
(718, 20, '2023-12-14', NULL, NULL, 'Alpa', 'Tidak hadir tanpa keterangan'),
(719, 22, '2023-12-14', NULL, NULL, 'Sakit', 'Karyawan Sakit'),
(720, 26, '2023-12-14', NULL, NULL, 'Alpa', 'Tidak hadir tanpa keterangan'),
(721, 31, '2023-12-14', NULL, NULL, 'Alpa', 'Tidak hadir tanpa keterangan'),
(722, 38, '2023-12-14', NULL, NULL, 'Hadir', NULL),
(723, 43, '2023-12-14', NULL, NULL, 'Alpa', 'Tidak hadir tanpa keterangan'),
(724, 2, '2023-12-14', NULL, NULL, 'Izin', 'Izin untuk urusan pribadi'),
(725, 5, '2023-12-14', NULL, NULL, 'Sakit', 'Karyawan Sakit'),
(726, 9, '2023-12-14', NULL, NULL, 'Hadir', NULL),
(727, 14, '2023-12-14', NULL, NULL, 'Izin', 'Izin untuk urusan pribadi'),
(728, 19, '2023-12-14', NULL, NULL, 'Izin', 'Izin untuk urusan pribadi'),
(729, 21, '2023-12-14', NULL, NULL, 'Hadir', NULL),
(730, 27, '2023-12-14', NULL, NULL, 'Izin', 'Izin untuk urusan pribadi'),
(731, 32, '2023-12-14', NULL, NULL, 'Hadir', NULL),
(732, 37, '2023-12-14', NULL, NULL, 'Sakit', 'Karyawan Sakit'),
(733, 42, '2023-12-14', NULL, NULL, 'Izin', 'Izin untuk urusan pribadi'),
(734, 3, '2023-12-14', NULL, NULL, 'Izin', 'Izin untuk urusan pribadi'),
(735, 8, '2023-12-14', NULL, NULL, 'Alpa', 'Tidak hadir tanpa keterangan'),
(736, 12, '2023-12-14', NULL, NULL, 'Izin', 'Izin untuk urusan pribadi'),
(737, 15, '2023-12-14', NULL, NULL, 'Hadir', NULL),
(738, 18, '2023-12-14', NULL, NULL, 'Izin', 'Izin untuk urusan pribadi'),
(739, 23, '2023-12-14', NULL, NULL, 'Hadir', NULL),
(740, 25, '2023-12-14', NULL, NULL, 'Alpa', 'Tidak hadir tanpa keterangan'),
(741, 28, '2023-12-14', NULL, NULL, 'Sakit', 'Karyawan Sakit'),
(742, 33, '2023-12-14', NULL, NULL, 'Sakit', 'Karyawan Sakit'),
(743, 36, '2023-12-14', NULL, NULL, 'Sakit', 'Karyawan Sakit'),
(744, 41, '2023-12-14', NULL, NULL, 'Sakit', 'Karyawan Sakit'),
(745, 6, '2023-12-14', NULL, NULL, 'Hadir', NULL),
(746, 11, '2023-12-14', NULL, NULL, 'Izin', 'Izin untuk urusan pribadi'),
(747, 17, '2023-12-14', NULL, NULL, 'Hadir', NULL),
(748, 24, '2023-12-14', NULL, NULL, 'Alpa', 'Tidak hadir tanpa keterangan'),
(749, 29, '2023-12-14', NULL, NULL, 'Sakit', 'Karyawan Sakit'),
(750, 34, '2023-12-14', NULL, NULL, 'Sakit', 'Karyawan Sakit'),
(751, 39, '2023-12-14', NULL, NULL, 'Izin', 'Izin untuk urusan pribadi'),
(752, 44, '2023-12-14', NULL, NULL, 'Hadir', NULL),
(753, 30, '2023-12-14', NULL, NULL, 'Alpa', 'Tidak hadir tanpa keterangan'),
(754, 35, '2023-12-14', NULL, NULL, 'Sakit', 'Karyawan Sakit'),
(755, 40, '2023-12-14', NULL, NULL, 'Hadir', NULL),
(756, 45, '2023-12-14', NULL, NULL, 'Alpa', 'Tidak hadir tanpa keterangan'),
(757, 1, '2023-12-15', NULL, NULL, 'Alpa', 'Tidak hadir tanpa keterangan'),
(758, 4, '2023-12-15', NULL, NULL, 'Hadir', NULL),
(759, 7, '2023-12-15', NULL, NULL, 'Hadir', NULL),
(760, 10, '2023-12-15', NULL, NULL, 'Alpa', 'Tidak hadir tanpa keterangan'),
(761, 13, '2023-12-15', NULL, NULL, 'Sakit', 'Karyawan Sakit'),
(762, 16, '2023-12-15', NULL, NULL, 'Sakit', 'Karyawan Sakit'),
(763, 20, '2023-12-15', NULL, NULL, 'Izin', 'Izin untuk urusan pribadi'),
(764, 22, '2023-12-15', NULL, NULL, 'Izin', 'Izin untuk urusan pribadi'),
(765, 26, '2023-12-15', NULL, NULL, 'Hadir', NULL),
(766, 31, '2023-12-15', NULL, NULL, 'Alpa', 'Tidak hadir tanpa keterangan'),
(767, 38, '2023-12-15', NULL, NULL, 'Izin', 'Izin untuk urusan pribadi'),
(768, 43, '2023-12-15', NULL, NULL, 'Izin', 'Izin untuk urusan pribadi'),
(769, 2, '2023-12-15', NULL, NULL, 'Izin', 'Izin untuk urusan pribadi'),
(770, 5, '2023-12-15', NULL, NULL, 'Hadir', NULL),
(771, 9, '2023-12-15', NULL, NULL, 'Izin', 'Izin untuk urusan pribadi'),
(772, 14, '2023-12-15', NULL, NULL, 'Hadir', NULL),
(773, 19, '2023-12-15', NULL, NULL, 'Izin', 'Izin untuk urusan pribadi'),
(774, 21, '2023-12-15', NULL, NULL, 'Izin', 'Izin untuk urusan pribadi'),
(775, 27, '2023-12-15', NULL, NULL, 'Hadir', NULL),
(776, 32, '2023-12-15', NULL, NULL, 'Hadir', NULL),
(777, 37, '2023-12-15', NULL, NULL, 'Izin', 'Izin untuk urusan pribadi'),
(778, 42, '2023-12-15', NULL, NULL, 'Sakit', 'Karyawan Sakit'),
(779, 3, '2023-12-15', NULL, NULL, 'Sakit', 'Karyawan Sakit'),
(780, 8, '2023-12-15', NULL, NULL, 'Alpa', 'Tidak hadir tanpa keterangan'),
(781, 12, '2023-12-15', NULL, NULL, 'Izin', 'Izin untuk urusan pribadi'),
(782, 15, '2023-12-15', NULL, NULL, 'Sakit', 'Karyawan Sakit'),
(783, 18, '2023-12-15', NULL, NULL, 'Alpa', 'Tidak hadir tanpa keterangan'),
(784, 23, '2023-12-15', NULL, NULL, 'Alpa', 'Tidak hadir tanpa keterangan'),
(785, 25, '2023-12-15', NULL, NULL, 'Alpa', 'Tidak hadir tanpa keterangan'),
(786, 28, '2023-12-15', NULL, NULL, 'Sakit', 'Karyawan Sakit'),
(787, 33, '2023-12-15', NULL, NULL, 'Alpa', 'Tidak hadir tanpa keterangan'),
(788, 36, '2023-12-15', NULL, NULL, 'Izin', 'Izin untuk urusan pribadi'),
(789, 41, '2023-12-15', NULL, NULL, 'Sakit', 'Karyawan Sakit'),
(790, 6, '2023-12-15', NULL, NULL, 'Alpa', 'Tidak hadir tanpa keterangan'),
(791, 11, '2023-12-15', NULL, NULL, 'Sakit', 'Karyawan Sakit'),
(792, 17, '2023-12-15', NULL, NULL, 'Alpa', 'Tidak hadir tanpa keterangan'),
(793, 24, '2023-12-15', NULL, NULL, 'Hadir', NULL),
(794, 29, '2023-12-15', NULL, NULL, 'Izin', 'Izin untuk urusan pribadi'),
(795, 34, '2023-12-15', NULL, NULL, 'Alpa', 'Tidak hadir tanpa keterangan'),
(796, 39, '2023-12-15', NULL, NULL, 'Hadir', NULL),
(797, 44, '2023-12-15', NULL, NULL, 'Sakit', 'Karyawan Sakit'),
(798, 30, '2023-12-15', NULL, NULL, 'Alpa', 'Tidak hadir tanpa keterangan'),
(799, 35, '2023-12-15', NULL, NULL, 'Sakit', 'Karyawan Sakit'),
(800, 40, '2023-12-15', NULL, NULL, 'Hadir', NULL),
(801, 45, '2023-12-15', NULL, NULL, 'Sakit', 'Karyawan Sakit'),
(802, 1, '2023-12-16', NULL, NULL, 'Izin', 'Izin untuk urusan pribadi'),
(803, 4, '2023-12-16', NULL, NULL, 'Sakit', 'Karyawan Sakit'),
(804, 7, '2023-12-16', NULL, NULL, 'Hadir', NULL),
(805, 10, '2023-12-16', NULL, NULL, 'Hadir', NULL);
INSERT INTO `kehadiran` (`KehadiranID`, `KaryawanID`, `Tanggal`, `JamMasuk`, `JamKeluar`, `StatusKehadiran`, `Catatan`) VALUES
(806, 13, '2023-12-16', NULL, NULL, 'Alpa', 'Tidak hadir tanpa keterangan'),
(807, 16, '2023-12-16', NULL, NULL, 'Sakit', 'Karyawan Sakit'),
(808, 20, '2023-12-16', NULL, NULL, 'Sakit', 'Karyawan Sakit'),
(809, 22, '2023-12-16', NULL, NULL, 'Hadir', NULL),
(810, 26, '2023-12-16', NULL, NULL, 'Izin', 'Izin untuk urusan pribadi'),
(811, 31, '2023-12-16', NULL, NULL, 'Hadir', NULL),
(812, 38, '2023-12-16', NULL, NULL, 'Alpa', 'Tidak hadir tanpa keterangan'),
(813, 43, '2023-12-16', NULL, NULL, 'Hadir', NULL),
(814, 2, '2023-12-16', NULL, NULL, 'Sakit', 'Karyawan Sakit'),
(815, 5, '2023-12-16', NULL, NULL, 'Sakit', 'Karyawan Sakit'),
(816, 9, '2023-12-16', NULL, NULL, 'Hadir', NULL),
(817, 14, '2023-12-16', NULL, NULL, 'Sakit', 'Karyawan Sakit'),
(818, 19, '2023-12-16', NULL, NULL, 'Hadir', NULL),
(819, 21, '2023-12-16', NULL, NULL, 'Hadir', NULL),
(820, 27, '2023-12-16', NULL, NULL, 'Sakit', 'Karyawan Sakit'),
(821, 32, '2023-12-16', NULL, NULL, 'Alpa', 'Tidak hadir tanpa keterangan'),
(822, 37, '2023-12-16', NULL, NULL, 'Izin', 'Izin untuk urusan pribadi'),
(823, 42, '2023-12-16', NULL, NULL, 'Alpa', 'Tidak hadir tanpa keterangan'),
(824, 3, '2023-12-16', NULL, NULL, 'Alpa', 'Tidak hadir tanpa keterangan'),
(825, 8, '2023-12-16', NULL, NULL, 'Hadir', NULL),
(826, 12, '2023-12-16', NULL, NULL, 'Sakit', 'Karyawan Sakit'),
(827, 15, '2023-12-16', NULL, NULL, 'Alpa', 'Tidak hadir tanpa keterangan'),
(828, 18, '2023-12-16', NULL, NULL, 'Hadir', NULL),
(829, 23, '2023-12-16', NULL, NULL, 'Sakit', 'Karyawan Sakit'),
(830, 25, '2023-12-16', NULL, NULL, 'Sakit', 'Karyawan Sakit'),
(831, 28, '2023-12-16', NULL, NULL, 'Alpa', 'Tidak hadir tanpa keterangan'),
(832, 33, '2023-12-16', NULL, NULL, 'Hadir', NULL),
(833, 36, '2023-12-16', NULL, NULL, 'Hadir', NULL),
(834, 41, '2023-12-16', NULL, NULL, 'Izin', 'Izin untuk urusan pribadi'),
(835, 6, '2023-12-16', NULL, NULL, 'Alpa', 'Tidak hadir tanpa keterangan'),
(836, 11, '2023-12-16', NULL, NULL, 'Sakit', 'Karyawan Sakit'),
(837, 17, '2023-12-16', NULL, NULL, 'Alpa', 'Tidak hadir tanpa keterangan'),
(838, 24, '2023-12-16', NULL, NULL, 'Alpa', 'Tidak hadir tanpa keterangan'),
(839, 29, '2023-12-16', NULL, NULL, 'Hadir', NULL),
(840, 34, '2023-12-16', NULL, NULL, 'Izin', 'Izin untuk urusan pribadi'),
(841, 39, '2023-12-16', NULL, NULL, 'Izin', 'Izin untuk urusan pribadi'),
(842, 44, '2023-12-16', NULL, NULL, 'Hadir', NULL),
(843, 30, '2023-12-16', NULL, NULL, 'Alpa', 'Tidak hadir tanpa keterangan'),
(844, 35, '2023-12-16', NULL, NULL, 'Hadir', NULL),
(845, 40, '2023-12-16', NULL, NULL, 'Hadir', NULL),
(846, 45, '2023-12-16', NULL, NULL, 'Sakit', 'Karyawan Sakit'),
(847, 1, '2023-12-17', NULL, NULL, 'Hadir', NULL),
(848, 4, '2023-12-17', NULL, NULL, 'Izin', 'Izin untuk urusan pribadi'),
(849, 7, '2023-12-17', NULL, NULL, 'Alpa', 'Tidak hadir tanpa keterangan'),
(850, 10, '2023-12-17', NULL, NULL, 'Hadir', NULL),
(851, 13, '2023-12-17', NULL, NULL, 'Hadir', NULL),
(852, 16, '2023-12-17', NULL, NULL, 'Sakit', 'Karyawan Sakit'),
(853, 20, '2023-12-17', NULL, NULL, 'Hadir', NULL),
(854, 22, '2023-12-17', NULL, NULL, 'Sakit', 'Karyawan Sakit'),
(855, 26, '2023-12-17', NULL, NULL, 'Izin', 'Izin untuk urusan pribadi'),
(856, 31, '2023-12-17', NULL, NULL, 'Hadir', NULL),
(857, 38, '2023-12-17', NULL, NULL, 'Hadir', NULL),
(858, 43, '2023-12-17', NULL, NULL, 'Izin', 'Izin untuk urusan pribadi'),
(859, 2, '2023-12-17', NULL, NULL, 'Izin', 'Izin untuk urusan pribadi'),
(860, 5, '2023-12-17', NULL, NULL, 'Hadir', NULL),
(861, 9, '2023-12-17', NULL, NULL, 'Alpa', 'Tidak hadir tanpa keterangan'),
(862, 14, '2023-12-17', NULL, NULL, 'Alpa', 'Tidak hadir tanpa keterangan'),
(863, 19, '2023-12-17', NULL, NULL, 'Alpa', 'Tidak hadir tanpa keterangan'),
(864, 21, '2023-12-17', NULL, NULL, 'Sakit', 'Karyawan Sakit'),
(865, 27, '2023-12-17', NULL, NULL, 'Izin', 'Izin untuk urusan pribadi'),
(866, 32, '2023-12-17', NULL, NULL, 'Alpa', 'Tidak hadir tanpa keterangan'),
(867, 37, '2023-12-17', NULL, NULL, 'Sakit', 'Karyawan Sakit'),
(868, 42, '2023-12-17', NULL, NULL, 'Sakit', 'Karyawan Sakit'),
(869, 3, '2023-12-17', NULL, NULL, 'Alpa', 'Tidak hadir tanpa keterangan'),
(870, 8, '2023-12-17', NULL, NULL, 'Alpa', 'Tidak hadir tanpa keterangan'),
(871, 12, '2023-12-17', NULL, NULL, 'Sakit', 'Karyawan Sakit'),
(872, 15, '2023-12-17', NULL, NULL, 'Hadir', NULL),
(873, 18, '2023-12-17', NULL, NULL, 'Izin', 'Izin untuk urusan pribadi'),
(874, 23, '2023-12-17', NULL, NULL, 'Alpa', 'Tidak hadir tanpa keterangan'),
(875, 25, '2023-12-17', NULL, NULL, 'Izin', 'Izin untuk urusan pribadi'),
(876, 28, '2023-12-17', NULL, NULL, 'Alpa', 'Tidak hadir tanpa keterangan'),
(877, 33, '2023-12-17', NULL, NULL, 'Izin', 'Izin untuk urusan pribadi'),
(878, 36, '2023-12-17', NULL, NULL, 'Alpa', 'Tidak hadir tanpa keterangan'),
(879, 41, '2023-12-17', NULL, NULL, 'Izin', 'Izin untuk urusan pribadi'),
(880, 6, '2023-12-17', NULL, NULL, 'Izin', 'Izin untuk urusan pribadi'),
(881, 11, '2023-12-17', NULL, NULL, 'Alpa', 'Tidak hadir tanpa keterangan'),
(882, 17, '2023-12-17', NULL, NULL, 'Hadir', NULL),
(883, 24, '2023-12-17', NULL, NULL, 'Hadir', NULL),
(884, 29, '2023-12-17', NULL, NULL, 'Hadir', NULL),
(885, 34, '2023-12-17', NULL, NULL, 'Hadir', NULL),
(886, 39, '2023-12-17', NULL, NULL, 'Izin', 'Izin untuk urusan pribadi'),
(887, 44, '2023-12-17', NULL, NULL, 'Alpa', 'Tidak hadir tanpa keterangan'),
(888, 30, '2023-12-17', NULL, NULL, 'Izin', 'Izin untuk urusan pribadi'),
(889, 35, '2023-12-17', NULL, NULL, 'Alpa', 'Tidak hadir tanpa keterangan'),
(890, 40, '2023-12-17', NULL, NULL, 'Alpa', 'Tidak hadir tanpa keterangan'),
(891, 45, '2023-12-17', NULL, NULL, 'Alpa', 'Tidak hadir tanpa keterangan'),
(892, 1, '2023-12-18', NULL, NULL, 'Hadir', NULL),
(893, 4, '2023-12-18', NULL, NULL, 'Alpa', 'Tidak hadir tanpa keterangan'),
(894, 7, '2023-12-18', NULL, NULL, 'Alpa', 'Tidak hadir tanpa keterangan'),
(895, 10, '2023-12-18', NULL, NULL, 'Sakit', 'Karyawan Sakit'),
(896, 13, '2023-12-18', NULL, NULL, 'Alpa', 'Tidak hadir tanpa keterangan'),
(897, 16, '2023-12-18', NULL, NULL, 'Alpa', 'Tidak hadir tanpa keterangan'),
(898, 20, '2023-12-18', NULL, NULL, 'Hadir', NULL),
(899, 22, '2023-12-18', NULL, NULL, 'Izin', 'Izin untuk urusan pribadi'),
(900, 26, '2023-12-18', NULL, NULL, 'Sakit', 'Karyawan Sakit'),
(901, 31, '2023-12-18', NULL, NULL, 'Izin', 'Izin untuk urusan pribadi'),
(902, 38, '2023-12-18', NULL, NULL, 'Hadir', NULL),
(903, 43, '2023-12-18', NULL, NULL, 'Hadir', NULL),
(904, 2, '2023-12-18', NULL, NULL, 'Hadir', NULL),
(905, 5, '2023-12-18', NULL, NULL, 'Izin', 'Izin untuk urusan pribadi'),
(906, 9, '2023-12-18', NULL, NULL, 'Alpa', 'Tidak hadir tanpa keterangan'),
(907, 14, '2023-12-18', NULL, NULL, 'Sakit', 'Karyawan Sakit'),
(908, 19, '2023-12-18', NULL, NULL, 'Alpa', 'Tidak hadir tanpa keterangan'),
(909, 21, '2023-12-18', NULL, NULL, 'Alpa', 'Tidak hadir tanpa keterangan'),
(910, 27, '2023-12-18', NULL, NULL, 'Izin', 'Izin untuk urusan pribadi'),
(911, 32, '2023-12-18', NULL, NULL, 'Hadir', NULL),
(912, 37, '2023-12-18', NULL, NULL, 'Alpa', 'Tidak hadir tanpa keterangan'),
(913, 42, '2023-12-18', NULL, NULL, 'Hadir', NULL),
(914, 3, '2023-12-18', NULL, NULL, 'Izin', 'Izin untuk urusan pribadi'),
(915, 8, '2023-12-18', NULL, NULL, 'Izin', 'Izin untuk urusan pribadi'),
(916, 12, '2023-12-18', NULL, NULL, 'Alpa', 'Tidak hadir tanpa keterangan'),
(917, 15, '2023-12-18', NULL, NULL, 'Hadir', NULL),
(918, 18, '2023-12-18', NULL, NULL, 'Alpa', 'Tidak hadir tanpa keterangan'),
(919, 23, '2023-12-18', NULL, NULL, 'Hadir', NULL),
(920, 25, '2023-12-18', NULL, NULL, 'Sakit', 'Karyawan Sakit'),
(921, 28, '2023-12-18', NULL, NULL, 'Hadir', NULL),
(922, 33, '2023-12-18', NULL, NULL, 'Hadir', NULL),
(923, 36, '2023-12-18', NULL, NULL, 'Sakit', 'Karyawan Sakit'),
(924, 41, '2023-12-18', NULL, NULL, 'Hadir', NULL),
(925, 6, '2023-12-18', NULL, NULL, 'Sakit', 'Karyawan Sakit'),
(926, 11, '2023-12-18', NULL, NULL, 'Izin', 'Izin untuk urusan pribadi'),
(927, 17, '2023-12-18', NULL, NULL, 'Hadir', NULL),
(928, 24, '2023-12-18', NULL, NULL, 'Alpa', 'Tidak hadir tanpa keterangan'),
(929, 29, '2023-12-18', NULL, NULL, 'Hadir', NULL),
(930, 34, '2023-12-18', NULL, NULL, 'Izin', 'Izin untuk urusan pribadi'),
(931, 39, '2023-12-18', NULL, NULL, 'Alpa', 'Tidak hadir tanpa keterangan'),
(932, 44, '2023-12-18', NULL, NULL, 'Hadir', NULL),
(933, 30, '2023-12-18', NULL, NULL, 'Sakit', 'Karyawan Sakit'),
(934, 35, '2023-12-18', NULL, NULL, 'Izin', 'Izin untuk urusan pribadi'),
(935, 40, '2023-12-18', NULL, NULL, 'Alpa', 'Tidak hadir tanpa keterangan'),
(936, 45, '2023-12-18', NULL, NULL, 'Sakit', 'Karyawan Sakit'),
(937, 1, '2023-12-19', NULL, NULL, 'Sakit', 'Karyawan Sakit'),
(938, 4, '2023-12-19', NULL, NULL, 'Sakit', 'Karyawan Sakit'),
(939, 7, '2023-12-19', NULL, NULL, 'Sakit', 'Karyawan Sakit'),
(940, 10, '2023-12-19', NULL, NULL, 'Alpa', 'Tidak hadir tanpa keterangan'),
(941, 13, '2023-12-19', NULL, NULL, 'Alpa', 'Tidak hadir tanpa keterangan'),
(942, 16, '2023-12-19', NULL, NULL, 'Hadir', NULL),
(943, 20, '2023-12-19', NULL, NULL, 'Izin', 'Izin untuk urusan pribadi'),
(944, 22, '2023-12-19', NULL, NULL, 'Sakit', 'Karyawan Sakit'),
(945, 26, '2023-12-19', NULL, NULL, 'Hadir', NULL),
(946, 31, '2023-12-19', NULL, NULL, 'Alpa', 'Tidak hadir tanpa keterangan'),
(947, 38, '2023-12-19', NULL, NULL, 'Sakit', 'Karyawan Sakit'),
(948, 43, '2023-12-19', NULL, NULL, 'Izin', 'Izin untuk urusan pribadi'),
(949, 2, '2023-12-19', NULL, NULL, 'Alpa', 'Tidak hadir tanpa keterangan'),
(950, 5, '2023-12-19', NULL, NULL, 'Sakit', 'Karyawan Sakit'),
(951, 9, '2023-12-19', NULL, NULL, 'Izin', 'Izin untuk urusan pribadi'),
(952, 14, '2023-12-19', NULL, NULL, 'Alpa', 'Tidak hadir tanpa keterangan'),
(953, 19, '2023-12-19', NULL, NULL, 'Alpa', 'Tidak hadir tanpa keterangan'),
(954, 21, '2023-12-19', NULL, NULL, 'Alpa', 'Tidak hadir tanpa keterangan'),
(955, 27, '2023-12-19', NULL, NULL, 'Alpa', 'Tidak hadir tanpa keterangan'),
(956, 32, '2023-12-19', NULL, NULL, 'Hadir', NULL),
(957, 37, '2023-12-19', NULL, NULL, 'Alpa', 'Tidak hadir tanpa keterangan'),
(958, 42, '2023-12-19', NULL, NULL, 'Hadir', NULL),
(959, 3, '2023-12-19', NULL, NULL, 'Izin', 'Izin untuk urusan pribadi'),
(960, 8, '2023-12-19', NULL, NULL, 'Izin', 'Izin untuk urusan pribadi'),
(961, 12, '2023-12-19', NULL, NULL, 'Hadir', NULL),
(962, 15, '2023-12-19', NULL, NULL, 'Alpa', 'Tidak hadir tanpa keterangan'),
(963, 18, '2023-12-19', NULL, NULL, 'Izin', 'Izin untuk urusan pribadi'),
(964, 23, '2023-12-19', NULL, NULL, 'Hadir', NULL),
(965, 25, '2023-12-19', NULL, NULL, 'Sakit', 'Karyawan Sakit'),
(966, 28, '2023-12-19', NULL, NULL, 'Alpa', 'Tidak hadir tanpa keterangan'),
(967, 33, '2023-12-19', NULL, NULL, 'Alpa', 'Tidak hadir tanpa keterangan'),
(968, 36, '2023-12-19', NULL, NULL, 'Alpa', 'Tidak hadir tanpa keterangan'),
(969, 41, '2023-12-19', NULL, NULL, 'Alpa', 'Tidak hadir tanpa keterangan'),
(970, 6, '2023-12-19', NULL, NULL, 'Izin', 'Izin untuk urusan pribadi'),
(971, 11, '2023-12-19', NULL, NULL, 'Izin', 'Izin untuk urusan pribadi'),
(972, 17, '2023-12-19', NULL, NULL, 'Hadir', NULL),
(973, 24, '2023-12-19', NULL, NULL, 'Sakit', 'Karyawan Sakit'),
(974, 29, '2023-12-19', NULL, NULL, 'Hadir', NULL),
(975, 34, '2023-12-19', NULL, NULL, 'Alpa', 'Tidak hadir tanpa keterangan'),
(976, 39, '2023-12-19', NULL, NULL, 'Izin', 'Izin untuk urusan pribadi'),
(977, 44, '2023-12-19', NULL, NULL, 'Hadir', NULL),
(978, 30, '2023-12-19', NULL, NULL, 'Alpa', 'Tidak hadir tanpa keterangan'),
(979, 35, '2023-12-19', NULL, NULL, 'Sakit', 'Karyawan Sakit'),
(980, 40, '2023-12-19', NULL, NULL, 'Izin', 'Izin untuk urusan pribadi'),
(981, 45, '2023-12-19', NULL, NULL, 'Alpa', 'Tidak hadir tanpa keterangan'),
(982, 1, '2023-12-20', NULL, NULL, 'Alpa', 'Tidak hadir tanpa keterangan'),
(983, 4, '2023-12-20', NULL, NULL, 'Alpa', 'Tidak hadir tanpa keterangan'),
(984, 7, '2023-12-20', NULL, NULL, 'Izin', 'Izin untuk urusan pribadi'),
(985, 10, '2023-12-20', NULL, NULL, 'Izin', 'Izin untuk urusan pribadi'),
(986, 13, '2023-12-20', NULL, NULL, 'Izin', 'Izin untuk urusan pribadi'),
(987, 16, '2023-12-20', NULL, NULL, 'Sakit', 'Karyawan Sakit'),
(988, 20, '2023-12-20', NULL, NULL, 'Sakit', 'Karyawan Sakit'),
(989, 22, '2023-12-20', NULL, NULL, 'Alpa', 'Tidak hadir tanpa keterangan'),
(990, 26, '2023-12-20', NULL, NULL, 'Sakit', 'Karyawan Sakit'),
(991, 31, '2023-12-20', NULL, NULL, 'Alpa', 'Tidak hadir tanpa keterangan'),
(992, 38, '2023-12-20', NULL, NULL, 'Alpa', 'Tidak hadir tanpa keterangan'),
(993, 43, '2023-12-20', NULL, NULL, 'Izin', 'Izin untuk urusan pribadi'),
(994, 2, '2023-12-20', NULL, NULL, 'Izin', 'Izin untuk urusan pribadi'),
(995, 5, '2023-12-20', NULL, NULL, 'Hadir', NULL),
(996, 9, '2023-12-20', NULL, NULL, 'Sakit', 'Karyawan Sakit'),
(997, 14, '2023-12-20', NULL, NULL, 'Sakit', 'Karyawan Sakit'),
(998, 19, '2023-12-20', NULL, NULL, 'Alpa', 'Tidak hadir tanpa keterangan'),
(999, 21, '2023-12-20', NULL, NULL, 'Sakit', 'Karyawan Sakit'),
(1000, 27, '2023-12-20', NULL, NULL, 'Sakit', 'Karyawan Sakit'),
(1001, 32, '2023-12-20', NULL, NULL, 'Hadir', NULL),
(1002, 37, '2023-12-20', NULL, NULL, 'Izin', 'Izin untuk urusan pribadi'),
(1003, 42, '2023-12-20', NULL, NULL, 'Hadir', NULL),
(1004, 3, '2023-12-20', NULL, NULL, 'Alpa', 'Tidak hadir tanpa keterangan'),
(1005, 8, '2023-12-20', NULL, NULL, 'Hadir', NULL),
(1006, 12, '2023-12-20', NULL, NULL, 'Hadir', NULL),
(1007, 15, '2023-12-20', NULL, NULL, 'Izin', 'Izin untuk urusan pribadi'),
(1008, 18, '2023-12-20', NULL, NULL, 'Sakit', 'Karyawan Sakit'),
(1009, 23, '2023-12-20', NULL, NULL, 'Hadir', NULL),
(1010, 25, '2023-12-20', NULL, NULL, 'Sakit', 'Karyawan Sakit'),
(1011, 28, '2023-12-20', NULL, NULL, 'Alpa', 'Tidak hadir tanpa keterangan'),
(1012, 33, '2023-12-20', NULL, NULL, 'Alpa', 'Tidak hadir tanpa keterangan'),
(1013, 36, '2023-12-20', NULL, NULL, 'Hadir', NULL),
(1014, 41, '2023-12-20', NULL, NULL, 'Izin', 'Izin untuk urusan pribadi'),
(1015, 6, '2023-12-20', NULL, NULL, 'Sakit', 'Karyawan Sakit'),
(1016, 11, '2023-12-20', NULL, NULL, 'Alpa', 'Tidak hadir tanpa keterangan'),
(1017, 17, '2023-12-20', NULL, NULL, 'Izin', 'Izin untuk urusan pribadi'),
(1018, 24, '2023-12-20', NULL, NULL, 'Izin', 'Izin untuk urusan pribadi'),
(1019, 29, '2023-12-20', NULL, NULL, 'Alpa', 'Tidak hadir tanpa keterangan'),
(1020, 34, '2023-12-20', NULL, NULL, 'Alpa', 'Tidak hadir tanpa keterangan'),
(1021, 39, '2023-12-20', NULL, NULL, 'Alpa', 'Tidak hadir tanpa keterangan'),
(1022, 44, '2023-12-20', NULL, NULL, 'Sakit', 'Karyawan Sakit'),
(1023, 30, '2023-12-20', NULL, NULL, 'Hadir', NULL),
(1024, 35, '2023-12-20', NULL, NULL, 'Sakit', 'Karyawan Sakit'),
(1025, 40, '2023-12-20', NULL, NULL, 'Izin', 'Izin untuk urusan pribadi'),
(1026, 45, '2023-12-20', NULL, NULL, 'Alpa', 'Tidak hadir tanpa keterangan'),
(1027, 1, '2023-12-21', NULL, NULL, 'Alpa', 'Tidak hadir tanpa keterangan'),
(1028, 4, '2023-12-21', NULL, NULL, 'Sakit', 'Karyawan Sakit'),
(1029, 7, '2023-12-21', NULL, NULL, 'Sakit', 'Karyawan Sakit'),
(1030, 10, '2023-12-21', NULL, NULL, 'Hadir', NULL),
(1031, 13, '2023-12-21', NULL, NULL, 'Sakit', 'Karyawan Sakit'),
(1032, 16, '2023-12-21', NULL, NULL, 'Hadir', NULL),
(1033, 20, '2023-12-21', NULL, NULL, 'Hadir', NULL),
(1034, 22, '2023-12-21', NULL, NULL, 'Izin', 'Izin untuk urusan pribadi'),
(1035, 26, '2023-12-21', NULL, NULL, 'Hadir', NULL),
(1036, 31, '2023-12-21', NULL, NULL, 'Sakit', 'Karyawan Sakit'),
(1037, 38, '2023-12-21', NULL, NULL, 'Hadir', NULL),
(1038, 43, '2023-12-21', NULL, NULL, 'Hadir', NULL),
(1039, 2, '2023-12-21', NULL, NULL, 'Alpa', 'Tidak hadir tanpa keterangan'),
(1040, 5, '2023-12-21', NULL, NULL, 'Sakit', 'Karyawan Sakit'),
(1041, 9, '2023-12-21', NULL, NULL, 'Alpa', 'Tidak hadir tanpa keterangan'),
(1042, 14, '2023-12-21', NULL, NULL, 'Alpa', 'Tidak hadir tanpa keterangan'),
(1043, 19, '2023-12-21', NULL, NULL, 'Izin', 'Izin untuk urusan pribadi'),
(1044, 21, '2023-12-21', NULL, NULL, 'Alpa', 'Tidak hadir tanpa keterangan'),
(1045, 27, '2023-12-21', NULL, NULL, 'Izin', 'Izin untuk urusan pribadi'),
(1046, 32, '2023-12-21', NULL, NULL, 'Hadir', NULL),
(1047, 37, '2023-12-21', NULL, NULL, 'Izin', 'Izin untuk urusan pribadi'),
(1048, 42, '2023-12-21', NULL, NULL, 'Hadir', NULL),
(1049, 3, '2023-12-21', NULL, NULL, 'Izin', 'Izin untuk urusan pribadi'),
(1050, 8, '2023-12-21', NULL, NULL, 'Alpa', 'Tidak hadir tanpa keterangan'),
(1051, 12, '2023-12-21', NULL, NULL, 'Sakit', 'Karyawan Sakit'),
(1052, 15, '2023-12-21', NULL, NULL, 'Alpa', 'Tidak hadir tanpa keterangan'),
(1053, 18, '2023-12-21', NULL, NULL, 'Sakit', 'Karyawan Sakit'),
(1054, 23, '2023-12-21', NULL, NULL, 'Alpa', 'Tidak hadir tanpa keterangan'),
(1055, 25, '2023-12-21', NULL, NULL, 'Alpa', 'Tidak hadir tanpa keterangan'),
(1056, 28, '2023-12-21', NULL, NULL, 'Alpa', 'Tidak hadir tanpa keterangan'),
(1057, 33, '2023-12-21', NULL, NULL, 'Hadir', NULL),
(1058, 36, '2023-12-21', NULL, NULL, 'Hadir', NULL),
(1059, 41, '2023-12-21', NULL, NULL, 'Sakit', 'Karyawan Sakit'),
(1060, 6, '2023-12-21', NULL, NULL, 'Hadir', NULL),
(1061, 11, '2023-12-21', NULL, NULL, 'Sakit', 'Karyawan Sakit'),
(1062, 17, '2023-12-21', NULL, NULL, 'Sakit', 'Karyawan Sakit'),
(1063, 24, '2023-12-21', NULL, NULL, 'Izin', 'Izin untuk urusan pribadi'),
(1064, 29, '2023-12-21', NULL, NULL, 'Alpa', 'Tidak hadir tanpa keterangan'),
(1065, 34, '2023-12-21', NULL, NULL, 'Izin', 'Izin untuk urusan pribadi'),
(1066, 39, '2023-12-21', NULL, NULL, 'Izin', 'Izin untuk urusan pribadi'),
(1067, 44, '2023-12-21', NULL, NULL, 'Hadir', NULL),
(1068, 30, '2023-12-21', NULL, NULL, 'Hadir', NULL),
(1069, 35, '2023-12-21', NULL, NULL, 'Izin', 'Izin untuk urusan pribadi'),
(1070, 40, '2023-12-21', NULL, NULL, 'Hadir', NULL),
(1071, 45, '2023-12-21', NULL, NULL, 'Sakit', 'Karyawan Sakit'),
(1072, 1, '2023-12-22', NULL, NULL, 'Alpa', 'Tidak hadir tanpa keterangan'),
(1073, 4, '2023-12-22', NULL, NULL, 'Alpa', 'Tidak hadir tanpa keterangan'),
(1074, 7, '2023-12-22', NULL, NULL, 'Hadir', NULL),
(1075, 10, '2023-12-22', NULL, NULL, 'Hadir', NULL),
(1076, 13, '2023-12-22', NULL, NULL, 'Izin', 'Izin untuk urusan pribadi'),
(1077, 16, '2023-12-22', NULL, NULL, 'Alpa', 'Tidak hadir tanpa keterangan'),
(1078, 20, '2023-12-22', NULL, NULL, 'Hadir', NULL),
(1079, 22, '2023-12-22', NULL, NULL, 'Izin', 'Izin untuk urusan pribadi'),
(1080, 26, '2023-12-22', NULL, NULL, 'Hadir', NULL),
(1081, 31, '2023-12-22', NULL, NULL, 'Alpa', 'Tidak hadir tanpa keterangan'),
(1082, 38, '2023-12-22', NULL, NULL, 'Sakit', 'Karyawan Sakit'),
(1083, 43, '2023-12-22', NULL, NULL, 'Hadir', NULL),
(1084, 2, '2023-12-22', NULL, NULL, 'Hadir', NULL),
(1085, 5, '2023-12-22', NULL, NULL, 'Hadir', NULL),
(1086, 9, '2023-12-22', NULL, NULL, 'Izin', 'Izin untuk urusan pribadi'),
(1087, 14, '2023-12-22', NULL, NULL, 'Alpa', 'Tidak hadir tanpa keterangan'),
(1088, 19, '2023-12-22', NULL, NULL, 'Izin', 'Izin untuk urusan pribadi'),
(1089, 21, '2023-12-22', NULL, NULL, 'Sakit', 'Karyawan Sakit'),
(1090, 27, '2023-12-22', NULL, NULL, 'Sakit', 'Karyawan Sakit'),
(1091, 32, '2023-12-22', NULL, NULL, 'Hadir', NULL),
(1092, 37, '2023-12-22', NULL, NULL, 'Hadir', NULL),
(1093, 42, '2023-12-22', NULL, NULL, 'Hadir', NULL),
(1094, 3, '2023-12-22', NULL, NULL, 'Alpa', 'Tidak hadir tanpa keterangan'),
(1095, 8, '2023-12-22', NULL, NULL, 'Sakit', 'Karyawan Sakit'),
(1096, 12, '2023-12-22', NULL, NULL, 'Sakit', 'Karyawan Sakit'),
(1097, 15, '2023-12-22', NULL, NULL, 'Hadir', NULL),
(1098, 18, '2023-12-22', NULL, NULL, 'Izin', 'Izin untuk urusan pribadi'),
(1099, 23, '2023-12-22', NULL, NULL, 'Sakit', 'Karyawan Sakit'),
(1100, 25, '2023-12-22', NULL, NULL, 'Alpa', 'Tidak hadir tanpa keterangan'),
(1101, 28, '2023-12-22', NULL, NULL, 'Izin', 'Izin untuk urusan pribadi'),
(1102, 33, '2023-12-22', NULL, NULL, 'Hadir', NULL),
(1103, 36, '2023-12-22', NULL, NULL, 'Izin', 'Izin untuk urusan pribadi'),
(1104, 41, '2023-12-22', NULL, NULL, 'Sakit', 'Karyawan Sakit'),
(1105, 6, '2023-12-22', NULL, NULL, 'Sakit', 'Karyawan Sakit'),
(1106, 11, '2023-12-22', NULL, NULL, 'Sakit', 'Karyawan Sakit'),
(1107, 17, '2023-12-22', NULL, NULL, 'Izin', 'Izin untuk urusan pribadi'),
(1108, 24, '2023-12-22', NULL, NULL, 'Alpa', 'Tidak hadir tanpa keterangan'),
(1109, 29, '2023-12-22', NULL, NULL, 'Hadir', NULL),
(1110, 34, '2023-12-22', NULL, NULL, 'Izin', 'Izin untuk urusan pribadi'),
(1111, 39, '2023-12-22', NULL, NULL, 'Sakit', 'Karyawan Sakit'),
(1112, 44, '2023-12-22', NULL, NULL, 'Hadir', NULL),
(1113, 30, '2023-12-22', NULL, NULL, 'Izin', 'Izin untuk urusan pribadi'),
(1114, 35, '2023-12-22', NULL, NULL, 'Alpa', 'Tidak hadir tanpa keterangan'),
(1115, 40, '2023-12-22', NULL, NULL, 'Sakit', 'Karyawan Sakit'),
(1116, 45, '2023-12-22', NULL, NULL, 'Hadir', NULL),
(1117, 1, '2023-12-23', NULL, NULL, 'Alpa', 'Tidak hadir tanpa keterangan'),
(1118, 4, '2023-12-23', NULL, NULL, 'Alpa', 'Tidak hadir tanpa keterangan'),
(1119, 7, '2023-12-23', NULL, NULL, 'Hadir', NULL),
(1120, 10, '2023-12-23', NULL, NULL, 'Hadir', NULL),
(1121, 13, '2023-12-23', NULL, NULL, 'Alpa', 'Tidak hadir tanpa keterangan'),
(1122, 16, '2023-12-23', NULL, NULL, 'Hadir', NULL),
(1123, 20, '2023-12-23', NULL, NULL, 'Sakit', 'Karyawan Sakit'),
(1124, 22, '2023-12-23', NULL, NULL, 'Hadir', NULL),
(1125, 26, '2023-12-23', NULL, NULL, 'Sakit', 'Karyawan Sakit'),
(1126, 31, '2023-12-23', NULL, NULL, 'Alpa', 'Tidak hadir tanpa keterangan'),
(1127, 38, '2023-12-23', NULL, NULL, 'Izin', 'Izin untuk urusan pribadi'),
(1128, 43, '2023-12-23', NULL, NULL, 'Izin', 'Izin untuk urusan pribadi'),
(1129, 2, '2023-12-23', NULL, NULL, 'Izin', 'Izin untuk urusan pribadi'),
(1130, 5, '2023-12-23', NULL, NULL, 'Izin', 'Izin untuk urusan pribadi'),
(1131, 9, '2023-12-23', NULL, NULL, 'Hadir', NULL),
(1132, 14, '2023-12-23', NULL, NULL, 'Sakit', 'Karyawan Sakit'),
(1133, 19, '2023-12-23', NULL, NULL, 'Izin', 'Izin untuk urusan pribadi'),
(1134, 21, '2023-12-23', NULL, NULL, 'Alpa', 'Tidak hadir tanpa keterangan'),
(1135, 27, '2023-12-23', NULL, NULL, 'Sakit', 'Karyawan Sakit'),
(1136, 32, '2023-12-23', NULL, NULL, 'Alpa', 'Tidak hadir tanpa keterangan'),
(1137, 37, '2023-12-23', NULL, NULL, 'Alpa', 'Tidak hadir tanpa keterangan'),
(1138, 42, '2023-12-23', NULL, NULL, 'Izin', 'Izin untuk urusan pribadi'),
(1139, 3, '2023-12-23', NULL, NULL, 'Alpa', 'Tidak hadir tanpa keterangan'),
(1140, 8, '2023-12-23', NULL, NULL, 'Sakit', 'Karyawan Sakit'),
(1141, 12, '2023-12-23', NULL, NULL, 'Hadir', NULL),
(1142, 15, '2023-12-23', NULL, NULL, 'Izin', 'Izin untuk urusan pribadi'),
(1143, 18, '2023-12-23', NULL, NULL, 'Hadir', NULL),
(1144, 23, '2023-12-23', NULL, NULL, 'Alpa', 'Tidak hadir tanpa keterangan'),
(1145, 25, '2023-12-23', NULL, NULL, 'Sakit', 'Karyawan Sakit'),
(1146, 28, '2023-12-23', NULL, NULL, 'Hadir', NULL),
(1147, 33, '2023-12-23', NULL, NULL, 'Alpa', 'Tidak hadir tanpa keterangan'),
(1148, 36, '2023-12-23', NULL, NULL, 'Sakit', 'Karyawan Sakit'),
(1149, 41, '2023-12-23', NULL, NULL, 'Alpa', 'Tidak hadir tanpa keterangan'),
(1150, 6, '2023-12-23', NULL, NULL, 'Hadir', NULL),
(1151, 11, '2023-12-23', NULL, NULL, 'Alpa', 'Tidak hadir tanpa keterangan'),
(1152, 17, '2023-12-23', NULL, NULL, 'Alpa', 'Tidak hadir tanpa keterangan'),
(1153, 24, '2023-12-23', NULL, NULL, 'Izin', 'Izin untuk urusan pribadi'),
(1154, 29, '2023-12-23', NULL, NULL, 'Hadir', NULL),
(1155, 34, '2023-12-23', NULL, NULL, 'Alpa', 'Tidak hadir tanpa keterangan'),
(1156, 39, '2023-12-23', NULL, NULL, 'Alpa', 'Tidak hadir tanpa keterangan'),
(1157, 44, '2023-12-23', NULL, NULL, 'Hadir', NULL),
(1158, 30, '2023-12-23', NULL, NULL, 'Alpa', 'Tidak hadir tanpa keterangan'),
(1159, 35, '2023-12-23', NULL, NULL, 'Sakit', 'Karyawan Sakit'),
(1160, 40, '2023-12-23', NULL, NULL, 'Alpa', 'Tidak hadir tanpa keterangan'),
(1161, 45, '2023-12-23', NULL, NULL, 'Alpa', 'Tidak hadir tanpa keterangan'),
(1162, 1, '2023-12-24', NULL, NULL, 'Sakit', 'Karyawan Sakit'),
(1163, 4, '2023-12-24', NULL, NULL, 'Alpa', 'Tidak hadir tanpa keterangan'),
(1164, 7, '2023-12-24', NULL, NULL, 'Sakit', 'Karyawan Sakit'),
(1165, 10, '2023-12-24', NULL, NULL, 'Izin', 'Izin untuk urusan pribadi'),
(1166, 13, '2023-12-24', NULL, NULL, 'Alpa', 'Tidak hadir tanpa keterangan'),
(1167, 16, '2023-12-24', NULL, NULL, 'Izin', 'Izin untuk urusan pribadi'),
(1168, 20, '2023-12-24', NULL, NULL, 'Hadir', NULL),
(1169, 22, '2023-12-24', NULL, NULL, 'Sakit', 'Karyawan Sakit'),
(1170, 26, '2023-12-24', NULL, NULL, 'Sakit', 'Karyawan Sakit'),
(1171, 31, '2023-12-24', NULL, NULL, 'Hadir', NULL),
(1172, 38, '2023-12-24', NULL, NULL, 'Alpa', 'Tidak hadir tanpa keterangan'),
(1173, 43, '2023-12-24', NULL, NULL, 'Alpa', 'Tidak hadir tanpa keterangan'),
(1174, 2, '2023-12-24', NULL, NULL, 'Izin', 'Izin untuk urusan pribadi'),
(1175, 5, '2023-12-24', NULL, NULL, 'Hadir', NULL),
(1176, 9, '2023-12-24', NULL, NULL, 'Alpa', 'Tidak hadir tanpa keterangan'),
(1177, 14, '2023-12-24', NULL, NULL, 'Hadir', NULL),
(1178, 19, '2023-12-24', NULL, NULL, 'Sakit', 'Karyawan Sakit'),
(1179, 21, '2023-12-24', NULL, NULL, 'Hadir', NULL),
(1180, 27, '2023-12-24', NULL, NULL, 'Hadir', NULL),
(1181, 32, '2023-12-24', NULL, NULL, 'Sakit', 'Karyawan Sakit'),
(1182, 37, '2023-12-24', NULL, NULL, 'Alpa', 'Tidak hadir tanpa keterangan'),
(1183, 42, '2023-12-24', NULL, NULL, 'Sakit', 'Karyawan Sakit'),
(1184, 3, '2023-12-24', NULL, NULL, 'Sakit', 'Karyawan Sakit'),
(1185, 8, '2023-12-24', NULL, NULL, 'Alpa', 'Tidak hadir tanpa keterangan'),
(1186, 12, '2023-12-24', NULL, NULL, 'Hadir', NULL),
(1187, 15, '2023-12-24', NULL, NULL, 'Hadir', NULL),
(1188, 18, '2023-12-24', NULL, NULL, 'Hadir', NULL),
(1189, 23, '2023-12-24', NULL, NULL, 'Sakit', 'Karyawan Sakit'),
(1190, 25, '2023-12-24', NULL, NULL, 'Izin', 'Izin untuk urusan pribadi'),
(1191, 28, '2023-12-24', NULL, NULL, 'Sakit', 'Karyawan Sakit'),
(1192, 33, '2023-12-24', NULL, NULL, 'Alpa', 'Tidak hadir tanpa keterangan'),
(1193, 36, '2023-12-24', NULL, NULL, 'Hadir', NULL),
(1194, 41, '2023-12-24', NULL, NULL, 'Hadir', NULL),
(1195, 6, '2023-12-24', NULL, NULL, 'Hadir', NULL),
(1196, 11, '2023-12-24', NULL, NULL, 'Izin', 'Izin untuk urusan pribadi'),
(1197, 17, '2023-12-24', NULL, NULL, 'Sakit', 'Karyawan Sakit'),
(1198, 24, '2023-12-24', NULL, NULL, 'Alpa', 'Tidak hadir tanpa keterangan'),
(1199, 29, '2023-12-24', NULL, NULL, 'Izin', 'Izin untuk urusan pribadi'),
(1200, 34, '2023-12-24', NULL, NULL, 'Alpa', 'Tidak hadir tanpa keterangan'),
(1201, 39, '2023-12-24', NULL, NULL, 'Izin', 'Izin untuk urusan pribadi'),
(1202, 44, '2023-12-24', NULL, NULL, 'Izin', 'Izin untuk urusan pribadi'),
(1203, 30, '2023-12-24', NULL, NULL, 'Sakit', 'Karyawan Sakit'),
(1204, 35, '2023-12-24', NULL, NULL, 'Alpa', 'Tidak hadir tanpa keterangan'),
(1205, 40, '2023-12-24', NULL, NULL, 'Alpa', 'Tidak hadir tanpa keterangan'),
(1206, 45, '2023-12-24', NULL, NULL, 'Izin', 'Izin untuk urusan pribadi'),
(1207, 1, '2023-12-25', NULL, NULL, 'Hadir', NULL),
(1208, 4, '2023-12-25', NULL, NULL, 'Alpa', 'Tidak hadir tanpa keterangan'),
(1209, 7, '2023-12-25', NULL, NULL, 'Izin', 'Izin untuk urusan pribadi'),
(1210, 10, '2023-12-25', NULL, NULL, 'Alpa', 'Tidak hadir tanpa keterangan'),
(1211, 13, '2023-12-25', NULL, NULL, 'Hadir', NULL),
(1212, 16, '2023-12-25', NULL, NULL, 'Izin', 'Izin untuk urusan pribadi'),
(1213, 20, '2023-12-25', NULL, NULL, 'Izin', 'Izin untuk urusan pribadi'),
(1214, 22, '2023-12-25', NULL, NULL, 'Hadir', NULL),
(1215, 26, '2023-12-25', NULL, NULL, 'Hadir', NULL),
(1216, 31, '2023-12-25', NULL, NULL, 'Sakit', 'Karyawan Sakit'),
(1217, 38, '2023-12-25', NULL, NULL, 'Izin', 'Izin untuk urusan pribadi'),
(1218, 43, '2023-12-25', NULL, NULL, 'Izin', 'Izin untuk urusan pribadi'),
(1219, 2, '2023-12-25', NULL, NULL, 'Hadir', NULL),
(1220, 5, '2023-12-25', NULL, NULL, 'Izin', 'Izin untuk urusan pribadi'),
(1221, 9, '2023-12-25', NULL, NULL, 'Sakit', 'Karyawan Sakit'),
(1222, 14, '2023-12-25', NULL, NULL, 'Sakit', 'Karyawan Sakit'),
(1223, 19, '2023-12-25', NULL, NULL, 'Izin', 'Izin untuk urusan pribadi'),
(1224, 21, '2023-12-25', NULL, NULL, 'Sakit', 'Karyawan Sakit'),
(1225, 27, '2023-12-25', NULL, NULL, 'Izin', 'Izin untuk urusan pribadi'),
(1226, 32, '2023-12-25', NULL, NULL, 'Izin', 'Izin untuk urusan pribadi'),
(1227, 37, '2023-12-25', NULL, NULL, 'Hadir', NULL),
(1228, 42, '2023-12-25', NULL, NULL, 'Alpa', 'Tidak hadir tanpa keterangan'),
(1229, 3, '2023-12-25', NULL, NULL, 'Alpa', 'Tidak hadir tanpa keterangan'),
(1230, 8, '2023-12-25', NULL, NULL, 'Sakit', 'Karyawan Sakit'),
(1231, 12, '2023-12-25', NULL, NULL, 'Izin', 'Izin untuk urusan pribadi'),
(1232, 15, '2023-12-25', NULL, NULL, 'Hadir', NULL),
(1233, 18, '2023-12-25', NULL, NULL, 'Izin', 'Izin untuk urusan pribadi'),
(1234, 23, '2023-12-25', NULL, NULL, 'Hadir', NULL),
(1235, 25, '2023-12-25', NULL, NULL, 'Alpa', 'Tidak hadir tanpa keterangan'),
(1236, 28, '2023-12-25', NULL, NULL, 'Sakit', 'Karyawan Sakit'),
(1237, 33, '2023-12-25', NULL, NULL, 'Izin', 'Izin untuk urusan pribadi'),
(1238, 36, '2023-12-25', NULL, NULL, 'Sakit', 'Karyawan Sakit'),
(1239, 41, '2023-12-25', NULL, NULL, 'Hadir', NULL),
(1240, 6, '2023-12-25', NULL, NULL, 'Izin', 'Izin untuk urusan pribadi'),
(1241, 11, '2023-12-25', NULL, NULL, 'Alpa', 'Tidak hadir tanpa keterangan'),
(1242, 17, '2023-12-25', NULL, NULL, 'Hadir', NULL),
(1243, 24, '2023-12-25', NULL, NULL, 'Alpa', 'Tidak hadir tanpa keterangan'),
(1244, 29, '2023-12-25', NULL, NULL, 'Izin', 'Izin untuk urusan pribadi'),
(1245, 34, '2023-12-25', NULL, NULL, 'Alpa', 'Tidak hadir tanpa keterangan'),
(1246, 39, '2023-12-25', NULL, NULL, 'Alpa', 'Tidak hadir tanpa keterangan'),
(1247, 44, '2023-12-25', NULL, NULL, 'Alpa', 'Tidak hadir tanpa keterangan'),
(1248, 30, '2023-12-25', NULL, NULL, 'Sakit', 'Karyawan Sakit'),
(1249, 35, '2023-12-25', NULL, NULL, 'Izin', 'Izin untuk urusan pribadi'),
(1250, 40, '2023-12-25', NULL, NULL, 'Alpa', 'Tidak hadir tanpa keterangan'),
(1251, 45, '2023-12-25', NULL, NULL, 'Izin', 'Izin untuk urusan pribadi'),
(1252, 1, '2023-12-26', NULL, NULL, 'Sakit', 'Karyawan Sakit'),
(1253, 4, '2023-12-26', NULL, NULL, 'Izin', 'Izin untuk urusan pribadi'),
(1254, 7, '2023-12-26', NULL, NULL, 'Alpa', 'Tidak hadir tanpa keterangan'),
(1255, 10, '2023-12-26', NULL, NULL, 'Hadir', NULL),
(1256, 13, '2023-12-26', NULL, NULL, 'Izin', 'Izin untuk urusan pribadi'),
(1257, 16, '2023-12-26', NULL, NULL, 'Izin', 'Izin untuk urusan pribadi'),
(1258, 20, '2023-12-26', NULL, NULL, 'Sakit', 'Karyawan Sakit'),
(1259, 22, '2023-12-26', NULL, NULL, 'Izin', 'Izin untuk urusan pribadi'),
(1260, 26, '2023-12-26', NULL, NULL, 'Hadir', NULL),
(1261, 31, '2023-12-26', NULL, NULL, 'Sakit', 'Karyawan Sakit'),
(1262, 38, '2023-12-26', NULL, NULL, 'Izin', 'Izin untuk urusan pribadi'),
(1263, 43, '2023-12-26', NULL, NULL, 'Alpa', 'Tidak hadir tanpa keterangan'),
(1264, 2, '2023-12-26', NULL, NULL, 'Hadir', NULL),
(1265, 5, '2023-12-26', NULL, NULL, 'Alpa', 'Tidak hadir tanpa keterangan'),
(1266, 9, '2023-12-26', NULL, NULL, 'Sakit', 'Karyawan Sakit'),
(1267, 14, '2023-12-26', NULL, NULL, 'Izin', 'Izin untuk urusan pribadi'),
(1268, 19, '2023-12-26', NULL, NULL, 'Sakit', 'Karyawan Sakit'),
(1269, 21, '2023-12-26', NULL, NULL, 'Izin', 'Izin untuk urusan pribadi'),
(1270, 27, '2023-12-26', NULL, NULL, 'Izin', 'Izin untuk urusan pribadi'),
(1271, 32, '2023-12-26', NULL, NULL, 'Izin', 'Izin untuk urusan pribadi'),
(1272, 37, '2023-12-26', NULL, NULL, 'Alpa', 'Tidak hadir tanpa keterangan'),
(1273, 42, '2023-12-26', NULL, NULL, 'Alpa', 'Tidak hadir tanpa keterangan'),
(1274, 3, '2023-12-26', NULL, NULL, 'Alpa', 'Tidak hadir tanpa keterangan'),
(1275, 8, '2023-12-26', NULL, NULL, 'Sakit', 'Karyawan Sakit'),
(1276, 12, '2023-12-26', NULL, NULL, 'Alpa', 'Tidak hadir tanpa keterangan'),
(1277, 15, '2023-12-26', NULL, NULL, 'Alpa', 'Tidak hadir tanpa keterangan'),
(1278, 18, '2023-12-26', NULL, NULL, 'Alpa', 'Tidak hadir tanpa keterangan'),
(1279, 23, '2023-12-26', NULL, NULL, 'Alpa', 'Tidak hadir tanpa keterangan'),
(1280, 25, '2023-12-26', NULL, NULL, 'Alpa', 'Tidak hadir tanpa keterangan'),
(1281, 28, '2023-12-26', NULL, NULL, 'Hadir', NULL),
(1282, 33, '2023-12-26', NULL, NULL, 'Sakit', 'Karyawan Sakit'),
(1283, 36, '2023-12-26', NULL, NULL, 'Sakit', 'Karyawan Sakit'),
(1284, 41, '2023-12-26', NULL, NULL, 'Alpa', 'Tidak hadir tanpa keterangan'),
(1285, 6, '2023-12-26', NULL, NULL, 'Hadir', NULL),
(1286, 11, '2023-12-26', NULL, NULL, 'Hadir', NULL),
(1287, 17, '2023-12-26', NULL, NULL, 'Alpa', 'Tidak hadir tanpa keterangan'),
(1288, 24, '2023-12-26', NULL, NULL, 'Izin', 'Izin untuk urusan pribadi'),
(1289, 29, '2023-12-26', NULL, NULL, 'Hadir', NULL),
(1290, 34, '2023-12-26', NULL, NULL, 'Hadir', NULL),
(1291, 39, '2023-12-26', NULL, NULL, 'Sakit', 'Karyawan Sakit'),
(1292, 44, '2023-12-26', NULL, NULL, 'Sakit', 'Karyawan Sakit'),
(1293, 30, '2023-12-26', NULL, NULL, 'Alpa', 'Tidak hadir tanpa keterangan'),
(1294, 35, '2023-12-26', NULL, NULL, 'Hadir', NULL),
(1295, 40, '2023-12-26', NULL, NULL, 'Hadir', NULL),
(1296, 45, '2023-12-26', NULL, NULL, 'Izin', 'Izin untuk urusan pribadi'),
(1297, 1, '2023-12-27', NULL, NULL, 'Sakit', 'Karyawan Sakit'),
(1298, 4, '2023-12-27', NULL, NULL, 'Sakit', 'Karyawan Sakit'),
(1299, 7, '2023-12-27', NULL, NULL, 'Izin', 'Izin untuk urusan pribadi'),
(1300, 10, '2023-12-27', NULL, NULL, 'Izin', 'Izin untuk urusan pribadi'),
(1301, 13, '2023-12-27', NULL, NULL, 'Izin', 'Izin untuk urusan pribadi'),
(1302, 16, '2023-12-27', NULL, NULL, 'Alpa', 'Tidak hadir tanpa keterangan'),
(1303, 20, '2023-12-27', NULL, NULL, 'Hadir', NULL),
(1304, 22, '2023-12-27', NULL, NULL, 'Sakit', 'Karyawan Sakit'),
(1305, 26, '2023-12-27', NULL, NULL, 'Sakit', 'Karyawan Sakit'),
(1306, 31, '2023-12-27', NULL, NULL, 'Hadir', NULL),
(1307, 38, '2023-12-27', NULL, NULL, 'Hadir', NULL),
(1308, 43, '2023-12-27', NULL, NULL, 'Sakit', 'Karyawan Sakit'),
(1309, 2, '2023-12-27', NULL, NULL, 'Sakit', 'Karyawan Sakit'),
(1310, 5, '2023-12-27', NULL, NULL, 'Izin', 'Izin untuk urusan pribadi'),
(1311, 9, '2023-12-27', NULL, NULL, 'Izin', 'Izin untuk urusan pribadi'),
(1312, 14, '2023-12-27', NULL, NULL, 'Izin', 'Izin untuk urusan pribadi'),
(1313, 19, '2023-12-27', NULL, NULL, 'Sakit', 'Karyawan Sakit'),
(1314, 21, '2023-12-27', NULL, NULL, 'Sakit', 'Karyawan Sakit'),
(1315, 27, '2023-12-27', NULL, NULL, 'Sakit', 'Karyawan Sakit'),
(1316, 32, '2023-12-27', NULL, NULL, 'Alpa', 'Tidak hadir tanpa keterangan'),
(1317, 37, '2023-12-27', NULL, NULL, 'Sakit', 'Karyawan Sakit'),
(1318, 42, '2023-12-27', NULL, NULL, 'Izin', 'Izin untuk urusan pribadi'),
(1319, 3, '2023-12-27', NULL, NULL, 'Alpa', 'Tidak hadir tanpa keterangan'),
(1320, 8, '2023-12-27', NULL, NULL, 'Alpa', 'Tidak hadir tanpa keterangan'),
(1321, 12, '2023-12-27', NULL, NULL, 'Izin', 'Izin untuk urusan pribadi'),
(1322, 15, '2023-12-27', NULL, NULL, 'Izin', 'Izin untuk urusan pribadi'),
(1323, 18, '2023-12-27', NULL, NULL, 'Sakit', 'Karyawan Sakit'),
(1324, 23, '2023-12-27', NULL, NULL, 'Izin', 'Izin untuk urusan pribadi'),
(1325, 25, '2023-12-27', NULL, NULL, 'Alpa', 'Tidak hadir tanpa keterangan'),
(1326, 28, '2023-12-27', NULL, NULL, 'Sakit', 'Karyawan Sakit'),
(1327, 33, '2023-12-27', NULL, NULL, 'Sakit', 'Karyawan Sakit'),
(1328, 36, '2023-12-27', NULL, NULL, 'Alpa', 'Tidak hadir tanpa keterangan'),
(1329, 41, '2023-12-27', NULL, NULL, 'Hadir', NULL),
(1330, 6, '2023-12-27', NULL, NULL, 'Hadir', NULL),
(1331, 11, '2023-12-27', NULL, NULL, 'Hadir', NULL),
(1332, 17, '2023-12-27', NULL, NULL, 'Sakit', 'Karyawan Sakit'),
(1333, 24, '2023-12-27', NULL, NULL, 'Izin', 'Izin untuk urusan pribadi'),
(1334, 29, '2023-12-27', NULL, NULL, 'Izin', 'Izin untuk urusan pribadi'),
(1335, 34, '2023-12-27', NULL, NULL, 'Alpa', 'Tidak hadir tanpa keterangan'),
(1336, 39, '2023-12-27', NULL, NULL, 'Hadir', NULL),
(1337, 44, '2023-12-27', NULL, NULL, 'Izin', 'Izin untuk urusan pribadi'),
(1338, 30, '2023-12-27', NULL, NULL, 'Izin', 'Izin untuk urusan pribadi'),
(1339, 35, '2023-12-27', NULL, NULL, 'Hadir', NULL),
(1340, 40, '2023-12-27', NULL, NULL, 'Alpa', 'Tidak hadir tanpa keterangan'),
(1341, 45, '2023-12-27', NULL, NULL, 'Sakit', 'Karyawan Sakit'),
(1342, 1, '2023-12-28', NULL, NULL, 'Sakit', 'Karyawan Sakit'),
(1343, 4, '2023-12-28', NULL, NULL, 'Izin', 'Izin untuk urusan pribadi'),
(1344, 7, '2023-12-28', NULL, NULL, 'Izin', 'Izin untuk urusan pribadi'),
(1345, 10, '2023-12-28', NULL, NULL, 'Hadir', NULL),
(1346, 13, '2023-12-28', NULL, NULL, 'Hadir', NULL),
(1347, 16, '2023-12-28', NULL, NULL, 'Sakit', 'Karyawan Sakit'),
(1348, 20, '2023-12-28', NULL, NULL, 'Izin', 'Izin untuk urusan pribadi'),
(1349, 22, '2023-12-28', NULL, NULL, 'Izin', 'Izin untuk urusan pribadi'),
(1350, 26, '2023-12-28', NULL, NULL, 'Alpa', 'Tidak hadir tanpa keterangan'),
(1351, 31, '2023-12-28', NULL, NULL, 'Sakit', 'Karyawan Sakit'),
(1352, 38, '2023-12-28', NULL, NULL, 'Sakit', 'Karyawan Sakit'),
(1353, 43, '2023-12-28', NULL, NULL, 'Hadir', NULL),
(1354, 2, '2023-12-28', NULL, NULL, 'Sakit', 'Karyawan Sakit'),
(1355, 5, '2023-12-28', NULL, NULL, 'Izin', 'Izin untuk urusan pribadi'),
(1356, 9, '2023-12-28', NULL, NULL, 'Hadir', NULL),
(1357, 14, '2023-12-28', NULL, NULL, 'Sakit', 'Karyawan Sakit'),
(1358, 19, '2023-12-28', NULL, NULL, 'Izin', 'Izin untuk urusan pribadi'),
(1359, 21, '2023-12-28', NULL, NULL, 'Sakit', 'Karyawan Sakit'),
(1360, 27, '2023-12-28', NULL, NULL, 'Hadir', NULL),
(1361, 32, '2023-12-28', NULL, NULL, 'Sakit', 'Karyawan Sakit'),
(1362, 37, '2023-12-28', NULL, NULL, 'Alpa', 'Tidak hadir tanpa keterangan'),
(1363, 42, '2023-12-28', NULL, NULL, 'Alpa', 'Tidak hadir tanpa keterangan'),
(1364, 3, '2023-12-28', NULL, NULL, 'Hadir', NULL),
(1365, 8, '2023-12-28', NULL, NULL, 'Sakit', 'Karyawan Sakit'),
(1366, 12, '2023-12-28', NULL, NULL, 'Izin', 'Izin untuk urusan pribadi'),
(1367, 15, '2023-12-28', NULL, NULL, 'Izin', 'Izin untuk urusan pribadi'),
(1368, 18, '2023-12-28', NULL, NULL, 'Sakit', 'Karyawan Sakit'),
(1369, 23, '2023-12-28', NULL, NULL, 'Hadir', NULL),
(1370, 25, '2023-12-28', NULL, NULL, 'Sakit', 'Karyawan Sakit'),
(1371, 28, '2023-12-28', NULL, NULL, 'Izin', 'Izin untuk urusan pribadi'),
(1372, 33, '2023-12-28', NULL, NULL, 'Hadir', NULL),
(1373, 36, '2023-12-28', NULL, NULL, 'Hadir', NULL),
(1374, 41, '2023-12-28', NULL, NULL, 'Alpa', 'Tidak hadir tanpa keterangan'),
(1375, 6, '2023-12-28', NULL, NULL, 'Sakit', 'Karyawan Sakit'),
(1376, 11, '2023-12-28', NULL, NULL, 'Izin', 'Izin untuk urusan pribadi'),
(1377, 17, '2023-12-28', NULL, NULL, 'Sakit', 'Karyawan Sakit'),
(1378, 24, '2023-12-28', NULL, NULL, 'Alpa', 'Tidak hadir tanpa keterangan'),
(1379, 29, '2023-12-28', NULL, NULL, 'Alpa', 'Tidak hadir tanpa keterangan'),
(1380, 34, '2023-12-28', NULL, NULL, 'Sakit', 'Karyawan Sakit'),
(1381, 39, '2023-12-28', NULL, NULL, 'Sakit', 'Karyawan Sakit'),
(1382, 44, '2023-12-28', NULL, NULL, 'Izin', 'Izin untuk urusan pribadi'),
(1383, 30, '2023-12-28', NULL, NULL, 'Izin', 'Izin untuk urusan pribadi'),
(1384, 35, '2023-12-28', NULL, NULL, 'Izin', 'Izin untuk urusan pribadi'),
(1385, 40, '2023-12-28', NULL, NULL, 'Hadir', NULL),
(1386, 45, '2023-12-28', NULL, NULL, 'Hadir', NULL),
(1387, 1, '2023-12-29', NULL, NULL, 'Alpa', 'Tidak hadir tanpa keterangan'),
(1388, 4, '2023-12-29', NULL, NULL, 'Hadir', NULL),
(1389, 7, '2023-12-29', NULL, NULL, 'Izin', 'Izin untuk urusan pribadi'),
(1390, 10, '2023-12-29', NULL, NULL, 'Izin', 'Izin untuk urusan pribadi'),
(1391, 13, '2023-12-29', NULL, NULL, 'Alpa', 'Tidak hadir tanpa keterangan'),
(1392, 16, '2023-12-29', NULL, NULL, 'Alpa', 'Tidak hadir tanpa keterangan'),
(1393, 20, '2023-12-29', NULL, NULL, 'Alpa', 'Tidak hadir tanpa keterangan'),
(1394, 22, '2023-12-29', NULL, NULL, 'Sakit', 'Karyawan Sakit'),
(1395, 26, '2023-12-29', NULL, NULL, 'Alpa', 'Tidak hadir tanpa keterangan'),
(1396, 31, '2023-12-29', NULL, NULL, 'Izin', 'Izin untuk urusan pribadi'),
(1397, 38, '2023-12-29', NULL, NULL, 'Alpa', 'Tidak hadir tanpa keterangan'),
(1398, 43, '2023-12-29', NULL, NULL, 'Alpa', 'Tidak hadir tanpa keterangan'),
(1399, 2, '2023-12-29', NULL, NULL, 'Alpa', 'Tidak hadir tanpa keterangan'),
(1400, 5, '2023-12-29', NULL, NULL, 'Izin', 'Izin untuk urusan pribadi'),
(1401, 9, '2023-12-29', NULL, NULL, 'Alpa', 'Tidak hadir tanpa keterangan'),
(1402, 14, '2023-12-29', NULL, NULL, 'Sakit', 'Karyawan Sakit'),
(1403, 19, '2023-12-29', NULL, NULL, 'Sakit', 'Karyawan Sakit'),
(1404, 21, '2023-12-29', NULL, NULL, 'Izin', 'Izin untuk urusan pribadi'),
(1405, 27, '2023-12-29', NULL, NULL, 'Alpa', 'Tidak hadir tanpa keterangan'),
(1406, 32, '2023-12-29', NULL, NULL, 'Sakit', 'Karyawan Sakit'),
(1407, 37, '2023-12-29', NULL, NULL, 'Hadir', NULL),
(1408, 42, '2023-12-29', NULL, NULL, 'Hadir', NULL),
(1409, 3, '2023-12-29', NULL, NULL, 'Izin', 'Izin untuk urusan pribadi'),
(1410, 8, '2023-12-29', NULL, NULL, 'Sakit', 'Karyawan Sakit'),
(1411, 12, '2023-12-29', NULL, NULL, 'Izin', 'Izin untuk urusan pribadi'),
(1412, 15, '2023-12-29', NULL, NULL, 'Alpa', 'Tidak hadir tanpa keterangan'),
(1413, 18, '2023-12-29', NULL, NULL, 'Hadir', NULL),
(1414, 23, '2023-12-29', NULL, NULL, 'Izin', 'Izin untuk urusan pribadi'),
(1415, 25, '2023-12-29', NULL, NULL, 'Sakit', 'Karyawan Sakit'),
(1416, 28, '2023-12-29', NULL, NULL, 'Alpa', 'Tidak hadir tanpa keterangan'),
(1417, 33, '2023-12-29', NULL, NULL, 'Hadir', NULL),
(1418, 36, '2023-12-29', NULL, NULL, 'Hadir', NULL),
(1419, 41, '2023-12-29', NULL, NULL, 'Sakit', 'Karyawan Sakit'),
(1420, 6, '2023-12-29', NULL, NULL, 'Sakit', 'Karyawan Sakit'),
(1421, 11, '2023-12-29', NULL, NULL, 'Alpa', 'Tidak hadir tanpa keterangan'),
(1422, 17, '2023-12-29', NULL, NULL, 'Izin', 'Izin untuk urusan pribadi'),
(1423, 24, '2023-12-29', NULL, NULL, 'Hadir', NULL),
(1424, 29, '2023-12-29', NULL, NULL, 'Alpa', 'Tidak hadir tanpa keterangan'),
(1425, 34, '2023-12-29', NULL, NULL, 'Sakit', 'Karyawan Sakit'),
(1426, 39, '2023-12-29', NULL, NULL, 'Izin', 'Izin untuk urusan pribadi'),
(1427, 44, '2023-12-29', NULL, NULL, 'Sakit', 'Karyawan Sakit'),
(1428, 30, '2023-12-29', NULL, NULL, 'Sakit', 'Karyawan Sakit'),
(1429, 35, '2023-12-29', NULL, NULL, 'Sakit', 'Karyawan Sakit'),
(1430, 40, '2023-12-29', NULL, NULL, 'Sakit', 'Karyawan Sakit'),
(1431, 45, '2023-12-29', NULL, NULL, 'Izin', 'Izin untuk urusan pribadi'),
(1432, 1, '2023-12-30', NULL, NULL, 'Hadir', NULL),
(1433, 4, '2023-12-30', NULL, NULL, 'Alpa', 'Tidak hadir tanpa keterangan'),
(1434, 7, '2023-12-30', NULL, NULL, 'Hadir', NULL),
(1435, 10, '2023-12-30', NULL, NULL, 'Alpa', 'Tidak hadir tanpa keterangan'),
(1436, 13, '2023-12-30', NULL, NULL, 'Hadir', NULL),
(1437, 16, '2023-12-30', NULL, NULL, 'Izin', 'Izin untuk urusan pribadi'),
(1438, 20, '2023-12-30', NULL, NULL, 'Alpa', 'Tidak hadir tanpa keterangan'),
(1439, 22, '2023-12-30', NULL, NULL, 'Hadir', NULL),
(1440, 26, '2023-12-30', NULL, NULL, 'Alpa', 'Tidak hadir tanpa keterangan'),
(1441, 31, '2023-12-30', NULL, NULL, 'Izin', 'Izin untuk urusan pribadi'),
(1442, 38, '2023-12-30', NULL, NULL, 'Alpa', 'Tidak hadir tanpa keterangan'),
(1443, 43, '2023-12-30', NULL, NULL, 'Sakit', 'Karyawan Sakit'),
(1444, 2, '2023-12-30', NULL, NULL, 'Sakit', 'Karyawan Sakit'),
(1445, 5, '2023-12-30', NULL, NULL, 'Izin', 'Izin untuk urusan pribadi'),
(1446, 9, '2023-12-30', NULL, NULL, 'Alpa', 'Tidak hadir tanpa keterangan'),
(1447, 14, '2023-12-30', NULL, NULL, 'Alpa', 'Tidak hadir tanpa keterangan'),
(1448, 19, '2023-12-30', NULL, NULL, 'Hadir', NULL),
(1449, 21, '2023-12-30', NULL, NULL, 'Izin', 'Izin untuk urusan pribadi'),
(1450, 27, '2023-12-30', NULL, NULL, 'Izin', 'Izin untuk urusan pribadi'),
(1451, 32, '2023-12-30', NULL, NULL, 'Sakit', 'Karyawan Sakit'),
(1452, 37, '2023-12-30', NULL, NULL, 'Alpa', 'Tidak hadir tanpa keterangan'),
(1453, 42, '2023-12-30', NULL, NULL, 'Sakit', 'Karyawan Sakit'),
(1454, 3, '2023-12-30', NULL, NULL, 'Alpa', 'Tidak hadir tanpa keterangan'),
(1455, 8, '2023-12-30', NULL, NULL, 'Hadir', NULL),
(1456, 12, '2023-12-30', NULL, NULL, 'Hadir', NULL),
(1457, 15, '2023-12-30', NULL, NULL, 'Alpa', 'Tidak hadir tanpa keterangan'),
(1458, 18, '2023-12-30', NULL, NULL, 'Izin', 'Izin untuk urusan pribadi'),
(1459, 23, '2023-12-30', NULL, NULL, 'Izin', 'Izin untuk urusan pribadi'),
(1460, 25, '2023-12-30', NULL, NULL, 'Hadir', NULL),
(1461, 28, '2023-12-30', NULL, NULL, 'Hadir', NULL),
(1462, 33, '2023-12-30', NULL, NULL, 'Alpa', 'Tidak hadir tanpa keterangan'),
(1463, 36, '2023-12-30', NULL, NULL, 'Izin', 'Izin untuk urusan pribadi'),
(1464, 41, '2023-12-30', NULL, NULL, 'Izin', 'Izin untuk urusan pribadi'),
(1465, 6, '2023-12-30', NULL, NULL, 'Hadir', NULL),
(1466, 11, '2023-12-30', NULL, NULL, 'Hadir', NULL),
(1467, 17, '2023-12-30', NULL, NULL, 'Alpa', 'Tidak hadir tanpa keterangan'),
(1468, 24, '2023-12-30', NULL, NULL, 'Hadir', NULL),
(1469, 29, '2023-12-30', NULL, NULL, 'Hadir', NULL),
(1470, 34, '2023-12-30', NULL, NULL, 'Sakit', 'Karyawan Sakit'),
(1471, 39, '2023-12-30', NULL, NULL, 'Hadir', NULL),
(1472, 44, '2023-12-30', NULL, NULL, 'Izin', 'Izin untuk urusan pribadi'),
(1473, 30, '2023-12-30', NULL, NULL, 'Izin', 'Izin untuk urusan pribadi'),
(1474, 35, '2023-12-30', NULL, NULL, 'Izin', 'Izin untuk urusan pribadi'),
(1475, 40, '2023-12-30', NULL, NULL, 'Sakit', 'Karyawan Sakit'),
(1476, 45, '2023-12-30', NULL, NULL, 'Izin', 'Izin untuk urusan pribadi'),
(1477, 1, '2023-12-31', NULL, NULL, 'Alpa', 'Tidak hadir tanpa keterangan'),
(1478, 4, '2023-12-31', NULL, NULL, 'Izin', 'Izin untuk urusan pribadi'),
(1479, 7, '2023-12-31', NULL, NULL, 'Hadir', NULL),
(1480, 10, '2023-12-31', NULL, NULL, 'Sakit', 'Karyawan Sakit'),
(1481, 13, '2023-12-31', NULL, NULL, 'Sakit', 'Karyawan Sakit'),
(1482, 16, '2023-12-31', NULL, NULL, 'Sakit', 'Karyawan Sakit'),
(1483, 20, '2023-12-31', NULL, NULL, 'Sakit', 'Karyawan Sakit'),
(1484, 22, '2023-12-31', NULL, NULL, 'Alpa', 'Tidak hadir tanpa keterangan'),
(1485, 26, '2023-12-31', NULL, NULL, 'Izin', 'Izin untuk urusan pribadi'),
(1486, 31, '2023-12-31', NULL, NULL, 'Alpa', 'Tidak hadir tanpa keterangan'),
(1487, 38, '2023-12-31', NULL, NULL, 'Alpa', 'Tidak hadir tanpa keterangan'),
(1488, 43, '2023-12-31', NULL, NULL, 'Hadir', NULL),
(1489, 2, '2023-12-31', NULL, NULL, 'Hadir', NULL),
(1490, 5, '2023-12-31', NULL, NULL, 'Hadir', NULL),
(1491, 9, '2023-12-31', NULL, NULL, 'Hadir', NULL),
(1492, 14, '2023-12-31', NULL, NULL, 'Hadir', NULL),
(1493, 19, '2023-12-31', NULL, NULL, 'Izin', 'Izin untuk urusan pribadi'),
(1494, 21, '2023-12-31', NULL, NULL, 'Alpa', 'Tidak hadir tanpa keterangan'),
(1495, 27, '2023-12-31', NULL, NULL, 'Sakit', 'Karyawan Sakit'),
(1496, 32, '2023-12-31', NULL, NULL, 'Alpa', 'Tidak hadir tanpa keterangan'),
(1497, 37, '2023-12-31', NULL, NULL, 'Sakit', 'Karyawan Sakit'),
(1498, 42, '2023-12-31', NULL, NULL, 'Sakit', 'Karyawan Sakit'),
(1499, 3, '2023-12-31', NULL, NULL, 'Hadir', NULL),
(1500, 8, '2023-12-31', NULL, NULL, 'Sakit', 'Karyawan Sakit'),
(1501, 12, '2023-12-31', NULL, NULL, 'Izin', 'Izin untuk urusan pribadi'),
(1502, 15, '2023-12-31', NULL, NULL, 'Alpa', 'Tidak hadir tanpa keterangan'),
(1503, 18, '2023-12-31', NULL, NULL, 'Izin', 'Izin untuk urusan pribadi'),
(1504, 23, '2023-12-31', NULL, NULL, 'Izin', 'Izin untuk urusan pribadi'),
(1505, 25, '2023-12-31', NULL, NULL, 'Izin', 'Izin untuk urusan pribadi'),
(1506, 28, '2023-12-31', NULL, NULL, 'Sakit', 'Karyawan Sakit'),
(1507, 33, '2023-12-31', NULL, NULL, 'Sakit', 'Karyawan Sakit'),
(1508, 36, '2023-12-31', NULL, NULL, 'Hadir', NULL),
(1509, 41, '2023-12-31', NULL, NULL, 'Izin', 'Izin untuk urusan pribadi'),
(1510, 6, '2023-12-31', NULL, NULL, 'Izin', 'Izin untuk urusan pribadi'),
(1511, 11, '2023-12-31', NULL, NULL, 'Sakit', 'Karyawan Sakit'),
(1512, 17, '2023-12-31', NULL, NULL, 'Sakit', 'Karyawan Sakit'),
(1513, 24, '2023-12-31', NULL, NULL, 'Hadir', NULL),
(1514, 29, '2023-12-31', NULL, NULL, 'Sakit', 'Karyawan Sakit'),
(1515, 34, '2023-12-31', NULL, NULL, 'Hadir', NULL),
(1516, 39, '2023-12-31', NULL, NULL, 'Alpa', 'Tidak hadir tanpa keterangan'),
(1517, 44, '2023-12-31', NULL, NULL, 'Hadir', NULL),
(1518, 30, '2023-12-31', NULL, NULL, 'Sakit', 'Karyawan Sakit'),
(1519, 35, '2023-12-31', NULL, NULL, 'Izin', 'Izin untuk urusan pribadi'),
(1520, 40, '2023-12-31', NULL, NULL, 'Izin', 'Izin untuk urusan pribadi'),
(1521, 45, '2023-12-31', NULL, NULL, 'Alpa', 'Tidak hadir tanpa keterangan');

-- --------------------------------------------------------

--
-- Table structure for table `keterlibatanpelatihan`
--

CREATE TABLE `keterlibatanpelatihan` (
  `KaryawanID` int(11) NOT NULL,
  `PelatihanID` int(11) NOT NULL,
  `TanggalKeterlibatan` date DEFAULT NULL,
  `HasilPelatihan` varchar(255) DEFAULT NULL
) ENGINE=InnoDB DEFAULT CHARSET=utf8mb4;

--
-- Dumping data for table `keterlibatanpelatihan`
--

INSERT INTO `keterlibatanpelatihan` (`KaryawanID`, `PelatihanID`, `TanggalKeterlibatan`, `HasilPelatihan`) VALUES
(1, 1, '2023-11-01', 'Lulus'),
(1, 9, '2023-05-11', 'Lulus'),
(2, 1, '2023-11-01', 'Lulus'),
(2, 3, '2023-09-07', 'Lulus'),
(3, 2, '2023-12-15', 'Lulus'),
(3, 7, '2023-11-20', 'Lulus'),
(4, 7, '2023-11-20', 'Lulus'),
(4, 8, '2023-12-01', 'Lulus'),
(5, 2, '2023-12-15', 'Lulus'),
(5, 5, '2023-10-05', 'Lulus'),
(6, 3, '2023-09-07', 'Lulus'),
(6, 5, '2023-10-05', 'Lulus'),
(7, 4, '2023-07-20', 'Lulus'),
(7, 5, '2023-10-05', 'Lulus'),
(8, 4, '2023-07-20', 'Lulus'),
(8, 9, '2023-05-11', 'Tidak Lulus'),
(9, 6, '2023-08-15', 'Lulus'),
(9, 10, '2023-06-30', 'Lulus'),
(10, 4, '2023-07-20', 'Lulus'),
(10, 6, '2023-08-15', 'Lulus'),
(11, 1, '2023-11-01', 'Lulus'),
(11, 10, '2023-06-30', 'Lulus'),
(12, 1, '2023-11-01', 'Lulus'),
(12, 3, '2023-09-07', 'Lulus'),
(13, 1, '2023-11-01', 'Lulus'),
(13, 3, '2023-09-07', 'Lulus'),
(14, 7, '2023-11-20', 'Lulus'),
(14, 8, '2023-12-01', 'Lulus'),
(15, 7, '2023-11-20', 'Lulus'),
(15, 8, '2023-12-01', 'Lulus'),
(16, 2, '2023-12-15', 'Lulus'),
(16, 5, '2023-10-05', 'Lulus'),
(17, 2, '2023-12-15', 'Lulus'),
(17, 5, '2023-10-05', 'Lulus'),
(18, 4, '2023-07-20', 'Lulus'),
(18, 9, '2023-05-11', 'Lulus'),
(19, 4, '2023-07-20', 'Lulus'),
(19, 5, '2023-10-05', 'Lulus'),
(20, 1, '2023-11-01', 'Lulus'),
(20, 3, '2023-09-07', 'Lulus'),
(21, 7, '2023-11-20', 'Lulus'),
(21, 8, '2023-12-01', 'Lulus'),
(22, 3, '2023-09-07', 'Lulus'),
(22, 8, '2023-12-01', 'Lulus'),
(23, 1, '2023-11-01', 'Lulus'),
(23, 3, '2023-09-07', 'Lulus'),
(24, 1, '2023-11-01', 'Lulus'),
(24, 9, '2023-05-11', 'Lulus'),
(25, 2, '2023-12-15', 'Lulus'),
(25, 5, '2023-10-05', 'Lulus'),
(26, 3, '2023-09-07', 'Lulus'),
(26, 5, '2023-10-05', 'Lulus'),
(27, 4, '2023-07-20', 'Lulus'),
(27, 5, '2023-10-05', 'Lulus'),
(28, 4, '2023-07-20', 'Lulus'),
(28, 9, '2023-05-11', 'Tidak Lulus'),
(29, 6, '2023-08-15', 'Lulus'),
(29, 10, '2023-06-30', 'Lulus'),
(30, 4, '2023-07-20', 'Lulus'),
(30, 6, '2023-08-15', 'Lulus'),
(31, 2, '2023-12-15', 'Lulus'),
(32, 1, '2023-11-01', 'Lulus'),
(33, 10, '2023-06-30', 'Lulus'),
(34, 7, '2023-11-20', 'Lulus'),
(35, 9, '2023-05-11', 'Lulus'),
(36, 4, '2023-07-20', 'Lulus'),
(36, 5, '2023-10-05', 'Lulus'),
(37, 4, '2023-07-20', 'Tidak Lulus'),
(37, 9, '2023-05-11', 'Lulus'),
(38, 1, '2023-11-01', 'Lulus'),
(38, 3, '2023-09-07', 'Lulus'),
(39, 1, '2023-11-01', 'Lulus'),
(39, 9, '2023-05-11', 'Lulus'),
(40, 7, '2023-11-20', 'Lulus'),
(40, 8, '2023-12-01', 'Tidak Lulus'),
(41, 7, '2023-11-20', 'Lulus'),
(41, 8, '2023-12-01', 'Lulus'),
(42, 2, '2023-12-15', 'Lulus'),
(42, 5, '2023-10-05', 'Lulus'),
(43, 2, '2023-12-15', 'Lulus'),
(43, 5, '2023-10-05', 'Tidak Lulus'),
(44, 6, '2023-08-15', 'Lulus'),
(44, 10, '2023-06-30', 'Lulus'),
(45, 6, '2023-08-15', 'Lulus'),
(45, 10, '2023-06-30', 'Tidak Lulus');

-- --------------------------------------------------------

--
-- Table structure for table `pelatihan`
--

CREATE TABLE `pelatihan` (
  `PelatihanID` int(11) NOT NULL,
  `NamaPelatihan` varchar(255) DEFAULT NULL,
  `Deskripsi` text DEFAULT NULL,
  `TanggalPelaksanaan` date DEFAULT NULL
) ENGINE=InnoDB DEFAULT CHARSET=utf8mb4;

--
-- Dumping data for table `pelatihan`
--

INSERT INTO `pelatihan` (`PelatihanID`, `NamaPelatihan`, `Deskripsi`, `TanggalPelaksanaan`) VALUES
(1, 'Leadership Skills', 'Pelatihan untuk mengembangkan keterampilan kepemimpinan dan manajemen tim.', '2023-11-01'),
(2, 'Data Analysis', 'Kursus intensif mengenai teknik analisis data menggunakan perangkat lunak statistik.', '2023-12-15'),
(3, 'Effective Communication', 'Meningkatkan keterampilan komunikasi, presentasi, dan negosiasi.', '2023-09-07'),
(4, 'Project Management', 'Teknik dan alat manajemen proyek untuk mengelola proyek dengan lebih efektif.', '2023-07-20'),
(5, 'Cyber Security Essentials', 'Dasar-dasar keamanan siber untuk melindungi data dan sistem.', '2023-10-05'),
(6, 'Team Collaboration', 'Strategi untuk memperbaiki kerja tim dan kolaborasi lintas departemen.', '2023-08-15'),
(7, 'Customer Service Excellence', 'Mengembangkan keterampilan layanan pelanggan untuk meningkatkan kepuasan pelanggan.', '2023-11-20'),
(8, 'Conflict Resolution', 'Teknik menyelesaikan konflik secara konstruktif di tempat kerja.', '2023-12-01'),
(9, 'Time Management', 'Keterampilan manajemen waktu untuk meningkatkan produktivitas pribadi dan tim.', '2023-05-11'),
(10, 'Diversity Training', 'Pelatihan untuk meningkatkan kesadaran dan inklusivitas di tempat kerja.', '2023-06-30');

-- --------------------------------------------------------

--
-- Table structure for table `penilaiankinerja`
--

CREATE TABLE `penilaiankinerja` (
  `PenilaianID` int(11) NOT NULL,
  `KaryawanID` int(11) DEFAULT NULL,
  `TanggalPenilaian` date DEFAULT NULL,
  `SkorKinerja` int(11) DEFAULT NULL,
  `Catatan` text DEFAULT NULL
) ENGINE=InnoDB DEFAULT CHARSET=utf8mb4;

--
-- Dumping data for table `penilaiankinerja`
--

INSERT INTO `penilaiankinerja` (`PenilaianID`, `KaryawanID`, `TanggalPenilaian`, `SkorKinerja`, `Catatan`) VALUES
(1, 1, '2023-12-01', 85, 'Performa stabil dengan kebutuhan sedikit peningkatan di area komunikasi'),
(2, 2, '2023-12-01', 92, 'Sangat baik, responsif dan inovatif dalam solusi masalah'),
(3, 3, '2023-12-02', 78, 'Memenuhi ekspektasi namun perlu meningkatkan keterampilan manajerial'),
(4, 4, '2023-12-02', 90, 'Kinerja luar biasa dengan kontribusi signifikan pada proyek terakhir'),
(5, 5, '2023-12-03', 81, 'Baik tetapi perlu mengurangi kesalahan kecil dalam pekerjaan rutin'),
(6, 6, '2023-12-03', 75, 'Perlu peningkatan dalam ketepatan waktu dan manajemen proyek'),
(7, 7, '2023-12-04', 88, 'Kinerja sangat baik dan kooperatif dalam tim'),
(8, 8, '2023-12-04', 65, 'Perlu motivasi lebih untuk mencapai target tim'),
(9, 9, '2023-12-05', 70, 'Hasil kerja memadai namun sering terlambat mengumpulkan laporan'),
(10, 10, '2023-12-05', 95, 'Pekerja bintang dengan inisiatif dan kegigihan yang tinggi'),
(11, 11, '2023-12-06', 82, 'Bekerja keras namun perlu pembelajaran lebih pada teknologi baru'),
(12, 12, '2023-12-06', 79, 'Kreatif namun sering kali keterlambatan dalam pengiriman akhir'),
(13, 13, '2023-12-07', 84, 'Andal dan dapat diandalkan dalam situasi tekanan'),
(14, 14, '2023-12-07', 90, 'Kemampuan analitis yang luar biasa, sangat dihargai oleh tim kepemimpinan'),
(15, 15, '2023-12-08', 77, 'Performa solid tapi perlu peningkatan dalam keterampilan antarpribadi'),
(16, 16, '2023-12-08', 89, 'Proaktif dan sangat efisien dalam pengelolaan tugas sehari-hari'),
(17, 17, '2023-12-09', 86, 'Dedikasi tinggi terhadap pekerjaan dan sering lembur untuk menyelesaikan proyek'),
(18, 18, '2023-12-09', 73, 'Baik namun sesekali ada keluhan dari klien mengenai ketepatan waktu'),
(19, 19, '2023-12-10', 62, 'Kesulitan dalam mengikuti prosedur tim yang baru'),
(20, 20, '2023-12-10', 80, 'Kinerja baik, namun ada ruang untuk peningkatan dalam kepemimpinan'),
(21, 21, '2023-12-01', 87, 'Kinerja konsisten dan inovatif dalam proyek terbaru'),
(22, 22, '2023-12-01', 69, 'Kinerja memenuhi ekspektasi, namun perlu peningkatan pada kecepatan respons'),
(23, 23, '2023-12-02', 94, 'Pemimpin tim yang luar biasa dan selalu menghasilkan karya berkualitas tinggi'),
(24, 24, '2023-12-02', 78, 'Diharapkan lebih banyak initiatif dalam tugas sehari-hari'),
(25, 25, '2023-12-03', 82, 'Proaktif dan sangat terlibat dalam kegiatan sosial perusahaan'),
(26, 26, '2023-12-03', 71, 'Kinerja menurun bulan ini, perlu evaluasi dan pengarahan'),
(27, 27, '2023-12-04', 90, 'Selalu melebihi target yang diberikan, karyawan sangat terpercaya'),
(28, 28, '2023-12-04', 75, 'Perlu meningkatkan keterampilan interpersonal dengan rekan kerja'),
(29, 29, '2023-12-05', 88, 'Menunjukkan perbaikan yang signifikan, terus pertahankan!'),
(30, 30, '2023-12-05', 83, 'Kinerja bagus, teruskan inovasi dan kreativitasnya'),
(31, 31, '2023-12-06', 80, 'Baik dalam mengelola tim namun sering terlambat dalam penyerahan laporan'),
(32, 32, '2023-12-06', 77, 'Bekerja dengan baik di bawah tekanan, tapi perlu mengurangi tingkat stres'),
(33, 33, '2023-12-07', 85, 'Kinerja mengagumkan di proyek terakhir dengan sedikit bimbingan'),
(34, 34, '2023-12-07', 89, 'Mendemonstrasikan tingkat antusiasme yang tinggi untuk belajar dan berkembang'),
(35, 35, '2023-12-08', 91, 'Aktif dalam semua tugas dan sering memberikan solusi kreatif'),
(36, 36, '2023-12-08', 68, 'Sering kali mengalami kesulitan dalam kolaborasi tim'),
(37, 37, '2023-12-09', 93, 'Konsisten menghasilkan pekerjaan berkualitas dan waktu penyelesaian cepat'),
(38, 38, '2023-12-09', 74, 'Komunikasi internal perlu ditingkatkan untuk efisiensi yang lebih besar'),
(39, 39, '2023-12-10', 86, 'Kinerja sangat baik, memimpin dengan contoh yang baik pada rekan satu tim'),
(40, 40, '2023-12-10', 79, 'Memiliki potensi namun terkadang kurang fokus pada tugas'),
(41, 41, '2023-12-11', 92, 'Selalu mengambil inisiatif dan membantu rekan kerja dalam kesulitan'),
(42, 42, '2023-12-11', 70, 'Perlu lebih banyak usaha untuk mencapai target individu dan tim'),
(43, 43, '2023-12-12', 65, 'Serius dalam tugas namun sering terlambat dalam penyerahan pekerjaan'),
(44, 44, '2023-12-12', 85, 'Rajin dan teliti dalam semua proyek yang dikerjakan'),
(45, 45, '2023-12-13', 81, 'Membuat kemajuan besar dalam pengembangan profesional dan pribadi bulan ini');

-- --------------------------------------------------------

--
-- Table structure for table `riwayatpekerjaan`
--

CREATE TABLE `riwayatpekerjaan` (
  `RiwayatID` int(11) NOT NULL,
  `KaryawanID` int(11) DEFAULT NULL,
  `Jabatan` varchar(255) DEFAULT NULL,
  `DeptIDSebelum` int(11) DEFAULT NULL,
  `TanggalMulai` date DEFAULT NULL,
  `TanggalBerakhir` date DEFAULT NULL,
  `AlasanBerpindah` text DEFAULT NULL
) ENGINE=InnoDB DEFAULT CHARSET=utf8mb4;

--
-- Dumping data for table `riwayatpekerjaan`
--

INSERT INTO `riwayatpekerjaan` (`RiwayatID`, `KaryawanID`, `Jabatan`, `DeptIDSebelum`, `TanggalMulai`, `TanggalBerakhir`, `AlasanBerpindah`) VALUES
(1, 1, 'Sales Manager', 3, '2017-08-01', '2019-07-31', 'Promosi ke posisi baru'),
(2, 2, 'HR Analyst', 2, '2016-05-12', '2018-01-11', 'Promosi ke posisi baru'),
(3, 3, 'Product Developer', 1, '2018-12-15', NULL, NULL),
(4, 4, 'Lead Designer', 1, '2019-03-30', NULL, NULL),
(5, 5, 'Operations Officer', 2, '2017-06-25', '2019-07-24', 'Transition to higher role'),
(6, 6, 'Project Coordinator', 4, '2018-04-11', NULL, NULL),
(7, 7, 'IT Support Specialist', 1, '2016-04-17', '2018-05-16', 'Promosi ke posisi baru'),
(8, 8, 'Marketing Executive', 3, '2015-09-08', NULL, NULL),
(9, 9, 'Financial Advisor', 1, '2018-09-23', NULL, NULL),
(10, 10, 'Client Service Manager', 3, '2019-12-19', NULL, NULL),
(11, 11, 'Quality Assurance', 4, '2016-03-15', '2018-03-14', 'Internal transfer to different team'),
(12, 12, 'Brand Strategist', 3, '2021-06-21', NULL, NULL),
(13, 13, 'Supply Chain Analyst', 1, '2015-01-29', '2017-01-28', 'Promosi ke posisi baru'),
(14, 14, 'Recruitment Specialist', 2, '2018-10-05', NULL, NULL),
(15, 15, 'Technical Support Engineer', 3, '2017-07-20', NULL, NULL),
(16, 16, 'Logistics Manager', 5, '2019-04-01', NULL, NULL),
(17, 17, 'Data Analyst', 1, '2018-03-15', '2021-09-30', 'Promosi ke posisi senior'),
(18, 18, 'Network Administrator', 4, '2017-05-20', NULL, NULL),
(19, 19, 'Risk Management Officer', 2, '2018-11-12', NULL, NULL),
(20, 20, 'Content Marketing Specialist', 3, '2020-01-10', NULL, NULL),
(21, 21, 'Research Analyst', 2, '2018-07-30', NULL, NULL),
(22, 22, 'Sales Representative', 1, '2020-08-25', NULL, NULL),
(23, 23, 'Customer Service Manager', 3, '2019-12-01', NULL, NULL),
(24, 24, 'Network Administrator', 4, '2017-03-11', NULL, NULL),
(25, 25, 'HR Coordinator', 2, '2018-04-01', '2022-03-31', 'Career change'),
(26, 26, 'Logistics Manager', 1, '2020-01-15', NULL, NULL),
(27, 27, 'Digital Marketing Specialist', 3, '2019-07-09', NULL, NULL),
(28, 28, 'Product Manager', 4, '2021-08-26', NULL, NULL),
(29, 29, 'Software Developer', 2, '2018-10-21', NULL, NULL),
(30, 30, 'Account Executive', 5, '2020-03-14', NULL, NULL),
(31, 31, 'Data Scientist', 1, '2019-05-19', NULL, NULL),
(32, 32, 'Operations Analyst', 2, '2020-10-01', NULL, NULL),
(33, 33, 'System Engineer', 3, '2018-06-07', NULL, NULL),
(34, 34, 'Business Development Officer', 4, '2021-07-08', NULL, NULL),
(35, 35, 'Lead Graphic Designer', 5, '2021-02-25', NULL, NULL),
(36, 36, 'IT Project Coordinator', 3, '2022-01-01', NULL, NULL),
(37, 37, 'Procurement Specialist', 2, '2017-08-15', '2020-09-14', 'Moved to another city'),
(38, 38, 'Administrative Assistant', 1, '2020-09-20', NULL, NULL),
(39, 39, 'Content Strategist', 4, '2021-10-10', NULL, NULL),
(40, 40, 'Electrical Engineer', 5, '2021-04-15', NULL, NULL),
(41, 41, 'SEO Specialist', 3, '2020-11-15', NULL, NULL),
(42, 42, 'Compliance Officer', 2, '2018-09-09', NULL, NULL),
(43, 43, 'Clinical Research Coordinator', 1, '2022-05-22', NULL, NULL),
(44, 44, 'Public Relations Manager', 4, '2021-01-11', NULL, NULL),
(45, 45, 'Market Research Analyst', 5, '2018-03-03', NULL, NULL);

--
-- Indexes for dumped tables
--

--
-- Indexes for table `departemen`
--
ALTER TABLE `departemen`
  ADD PRIMARY KEY (`DeptID`);

--
-- Indexes for table `gajikaryawan`
--
ALTER TABLE `gajikaryawan`
  ADD PRIMARY KEY (`GajiID`),
  ADD KEY `KaryawanID` (`KaryawanID`),
  ADD KEY `GolonganID` (`GolonganID`);

--
-- Indexes for table `golongangaji`
--
ALTER TABLE `golongangaji`
  ADD PRIMARY KEY (`GolonganID`);

--
-- Indexes for table `karyawan`
--
ALTER TABLE `karyawan`
  ADD PRIMARY KEY (`KaryawanID`),
  ADD KEY `DeptID` (`DeptID`);

--
-- Indexes for table `kehadiran`
--
ALTER TABLE `kehadiran`
  ADD PRIMARY KEY (`KehadiranID`),
  ADD KEY `KaryawanID` (`KaryawanID`);

--
-- Indexes for table `keterlibatanpelatihan`
--
ALTER TABLE `keterlibatanpelatihan`
  ADD PRIMARY KEY (`KaryawanID`,`PelatihanID`),
  ADD KEY `PelatihanID` (`PelatihanID`);

--
-- Indexes for table `pelatihan`
--
ALTER TABLE `pelatihan`
  ADD PRIMARY KEY (`PelatihanID`);

--
-- Indexes for table `penilaiankinerja`
--
ALTER TABLE `penilaiankinerja`
  ADD PRIMARY KEY (`PenilaianID`),
  ADD KEY `KaryawanID` (`KaryawanID`);

--
-- Indexes for table `riwayatpekerjaan`
--
ALTER TABLE `riwayatpekerjaan`
  ADD PRIMARY KEY (`RiwayatID`),
  ADD KEY `KaryawanID` (`KaryawanID`),
  ADD KEY `DeptIDSebelum` (`DeptIDSebelum`);

--
-- AUTO_INCREMENT for dumped tables
--

--
-- AUTO_INCREMENT for table `departemen`
--
ALTER TABLE `departemen`
  MODIFY `DeptID` int(11) NOT NULL AUTO_INCREMENT, AUTO_INCREMENT=6;

--
-- AUTO_INCREMENT for table `gajikaryawan`
--
ALTER TABLE `gajikaryawan`
  MODIFY `GajiID` int(11) NOT NULL AUTO_INCREMENT, AUTO_INCREMENT=46;

--
-- AUTO_INCREMENT for table `golongangaji`
--
ALTER TABLE `golongangaji`
  MODIFY `GolonganID` int(11) NOT NULL AUTO_INCREMENT, AUTO_INCREMENT=4;

--
-- AUTO_INCREMENT for table `karyawan`
--
ALTER TABLE `karyawan`
  MODIFY `KaryawanID` int(11) NOT NULL AUTO_INCREMENT, AUTO_INCREMENT=46;

--
-- AUTO_INCREMENT for table `kehadiran`
--
ALTER TABLE `kehadiran`
  MODIFY `KehadiranID` int(11) NOT NULL AUTO_INCREMENT, AUTO_INCREMENT=1522;

--
-- AUTO_INCREMENT for table `pelatihan`
--
ALTER TABLE `pelatihan`
  MODIFY `PelatihanID` int(11) NOT NULL AUTO_INCREMENT, AUTO_INCREMENT=11;

--
-- AUTO_INCREMENT for table `penilaiankinerja`
--
ALTER TABLE `penilaiankinerja`
  MODIFY `PenilaianID` int(11) NOT NULL AUTO_INCREMENT, AUTO_INCREMENT=46;

--
-- AUTO_INCREMENT for table `riwayatpekerjaan`
--
ALTER TABLE `riwayatpekerjaan`
  MODIFY `RiwayatID` int(11) NOT NULL AUTO_INCREMENT, AUTO_INCREMENT=46;

--
-- Constraints for dumped tables
--

--
-- Constraints for table `gajikaryawan`
--
ALTER TABLE `gajikaryawan`
  ADD CONSTRAINT `gajikaryawan_ibfk_1` FOREIGN KEY (`KaryawanID`) REFERENCES `karyawan` (`KaryawanID`),
  ADD CONSTRAINT `gajikaryawan_ibfk_2` FOREIGN KEY (`GolonganID`) REFERENCES `golongangaji` (`GolonganID`);

--
-- Constraints for table `karyawan`
--
ALTER TABLE `karyawan`
  ADD CONSTRAINT `karyawan_ibfk_1` FOREIGN KEY (`DeptID`) REFERENCES `departemen` (`DeptID`);

--
-- Constraints for table `kehadiran`
--
ALTER TABLE `kehadiran`
  ADD CONSTRAINT `kehadiran_ibfk_1` FOREIGN KEY (`KaryawanID`) REFERENCES `karyawan` (`KaryawanID`);

--
-- Constraints for table `keterlibatanpelatihan`
--
ALTER TABLE `keterlibatanpelatihan`
  ADD CONSTRAINT `keterlibatanpelatihan_ibfk_1` FOREIGN KEY (`KaryawanID`) REFERENCES `karyawan` (`KaryawanID`),
  ADD CONSTRAINT `keterlibatanpelatihan_ibfk_2` FOREIGN KEY (`PelatihanID`) REFERENCES `pelatihan` (`PelatihanID`);

--
-- Constraints for table `penilaiankinerja`
--
ALTER TABLE `penilaiankinerja`
  ADD CONSTRAINT `penilaiankinerja_ibfk_1` FOREIGN KEY (`KaryawanID`) REFERENCES `karyawan` (`KaryawanID`);

--
-- Constraints for table `riwayatpekerjaan`
--
ALTER TABLE `riwayatpekerjaan`
  ADD CONSTRAINT `riwayatpekerjaan_ibfk_1` FOREIGN KEY (`KaryawanID`) REFERENCES `karyawan` (`KaryawanID`),
  ADD CONSTRAINT `riwayatpekerjaan_ibfk_2` FOREIGN KEY (`DeptIDSebelum`) REFERENCES `departemen` (`DeptID`);
COMMIT;

/*!40101 SET CHARACTER_SET_CLIENT=@OLD_CHARACTER_SET_CLIENT */;
/*!40101 SET CHARACTER_SET_RESULTS=@OLD_CHARACTER_SET_RESULTS */;
/*!40101 SET COLLATION_CONNECTION=@OLD_COLLATION_CONNECTION */;
